-- phpMyAdmin SQL Dump
-- version 5.1.1
-- https://www.phpmyadmin.net/
--
-- Host: 127.0.0.1:3307
-- Generation Time: May 06, 2023 at 02:27 PM
-- Server version: 5.7.36
-- PHP Version: 7.4.26

SET SQL_MODE = "NO_AUTO_VALUE_ON_ZERO";
START TRANSACTION;
SET time_zone = "+00:00";


/*!40101 SET @OLD_CHARACTER_SET_CLIENT=@@CHARACTER_SET_CLIENT */;
/*!40101 SET @OLD_CHARACTER_SET_RESULTS=@@CHARACTER_SET_RESULTS */;
/*!40101 SET @OLD_COLLATION_CONNECTION=@@COLLATION_CONNECTION */;
/*!40101 SET NAMES utf8mb4 */;

--
-- Database: `sunnyvale`
--

-- --------------------------------------------------------

--
-- Table structure for table `amenities`
--

DROP TABLE IF EXISTS `amenities`;
CREATE TABLE IF NOT EXISTS `amenities` (
  `amenity_id` int(11) NOT NULL AUTO_INCREMENT,
  `amenity_name` varchar(255) NOT NULL,
  `subdivision_id` int(11) NOT NULL,
  `subdivision_name` varchar(50) NOT NULL,
  `availability` varchar(50) NOT NULL,
  PRIMARY KEY (`amenity_id`)
) ENGINE=MyISAM AUTO_INCREMENT=32 DEFAULT CHARSET=utf8;

--
-- Dumping data for table `amenities`
--

INSERT INTO `amenities` (`amenity_id`, `amenity_name`, `subdivision_id`, `subdivision_name`, `availability`) VALUES
(1, 'Court', 1, 'Sunnyvale 1', 'Available'),
(4, 'Multi-purpose Hall', 2, 'Sunnyvale 2', 'Available'),
(5, 'Swimming Pool', 1, 'Sunnyvale 1', 'Available'),
(6, 'Clubhouse', 1, 'Sunnyvale 1', 'Unavailable'),
(10, 'Clubhouse', 3, 'Sunnyvale 3', 'Unavailable'),
(16, 'Bathhouse', 1, 'Sunnyvale 1', 'Available'),
(31, 'Court', 4, 'Sunnyvale 4', 'Available'),
(30, 'Court', 2, 'Sunnyvale 2', 'Available');

-- --------------------------------------------------------

--
-- Table structure for table `amenity_purpose`
--

DROP TABLE IF EXISTS `amenity_purpose`;
CREATE TABLE IF NOT EXISTS `amenity_purpose` (
  `amenity_purpose_id` int(11) NOT NULL AUTO_INCREMENT,
  `amenity_id` int(11) NOT NULL,
  `amenity_purpose` varchar(100) NOT NULL,
  `day_rate` int(11) NOT NULL,
  `night_rate` int(11) NOT NULL,
  PRIMARY KEY (`amenity_purpose_id`)
) ENGINE=MyISAM AUTO_INCREMENT=14 DEFAULT CHARSET=utf8;

--
-- Dumping data for table `amenity_purpose`
--

INSERT INTO `amenity_purpose` (`amenity_purpose_id`, `amenity_id`, `amenity_purpose`, `day_rate`, `night_rate`) VALUES
(1, 1, 'Basketball', 50, 150),
(3, 1, 'Volleyball', 50, 150),
(5, 5, 'Swimming', 50, 100),
(8, 10, 'Party', 150, 300),
(9, 1, 'Badminton', 50, 150),
(10, 1, 'Chess', 80, 360),
(11, 30, 'Chessboxing', 20, 30),
(12, 30, 'Volleyball', 70, 480),
(13, 5, 'test', 20, 30);

-- --------------------------------------------------------

--
-- Table structure for table `amenity_renting`
--

DROP TABLE IF EXISTS `amenity_renting`;
CREATE TABLE IF NOT EXISTS `amenity_renting` (
  `amenity_renting_id` int(11) NOT NULL AUTO_INCREMENT,
  `transaction_id` int(11) DEFAULT NULL,
  `user_id` int(11) NOT NULL,
  `renter_name` varchar(255) NOT NULL,
  `subdivision_name` varchar(255) NOT NULL,
  `amenity_name` varchar(255) NOT NULL,
  `amenity_purpose` varchar(255) NOT NULL,
  `date_from` datetime DEFAULT NULL,
  `date_to` datetime DEFAULT NULL,
  `cost` int(11) DEFAULT NULL,
  `cart` varchar(10) NOT NULL,
  PRIMARY KEY (`amenity_renting_id`)
) ENGINE=MyISAM AUTO_INCREMENT=29 DEFAULT CHARSET=utf8;

--
-- Dumping data for table `amenity_renting`
--

INSERT INTO `amenity_renting` (`amenity_renting_id`, `transaction_id`, `user_id`, `renter_name`, `subdivision_name`, `amenity_name`, `amenity_purpose`, `date_from`, `date_to`, `cost`, `cart`) VALUES
(9, NULL, 1, 'Mon Carlo Delima', 'Sunnyvale 1', 'Court', '1', '2023-02-13 01:00:00', '2023-02-13 02:00:00', 50, 'Removed'),
(8, NULL, 1, 'Mon Carlo Delima', 'Sunnyvale 1', 'Court', '1', '2023-02-12 18:00:00', '2023-02-12 21:00:00', 450, 'Removed'),
(7, NULL, 1, 'Mon Carlo Delima', 'Sunnyvale 1', 'Court', '1', '2023-02-15 13:00:00', '2023-02-15 17:00:00', NULL, 'Removed'),
(13, 1, 1, 'Mon Carlo Delima', 'Sunnyvale 1', 'Court', '1', '2023-02-14 09:00:00', '2023-02-14 21:00:00', 900, 'Approved'),
(12, NULL, 1, 'Mon Carlo Delima', 'Sunnyvale 1', 'Court', '1', NULL, NULL, NULL, 'Removed'),
(14, 1, 1, 'Mon Carlo Delima', 'Sunnyvale 1', 'Court', '3', '2023-02-15 09:00:00', '2023-02-15 12:00:00', 150, 'Approved'),
(15, 1, 1, 'Mon Carlo Delima', 'Sunnyvale 1', 'Court', '1', '2023-02-16 18:00:00', '2023-02-16 21:00:00', 450, 'Approved'),
(16, NULL, 1, 'Mon Carlo Delima', 'Sunnyvale 1', 'Court', '1', NULL, NULL, NULL, 'Removed'),
(26, 11, 1, 'Mon Carlo Delima', 'Sunnyvale 1', 'Swimming Pool', '5', '2023-04-10 08:00:00', '2023-04-10 09:00:00', 50, 'Approved'),
(20, NULL, 48, 'SV1_Treasurer', 'Sunnyvale 1', 'Court', '3', NULL, NULL, NULL, 'Removed'),
(25, 3, 1, 'Mon Carlo Delima', 'Sunnyvale 3', 'Clubhouse', '8', '2023-04-15 01:00:00', '2023-04-15 02:00:00', 150, 'Approved'),
(23, 2, 48, 'SV1_Treasurer', 'Sunnyvale 2', 'Court', '11', '2023-04-08 08:00:00', '2023-04-08 10:00:00', 40, 'Approved'),
(24, 2, 48, 'SV1_Treasurer', 'Sunnyvale 2', 'Court', '12', '2023-04-08 10:00:00', '2023-04-08 12:00:00', 140, 'Approved'),
(27, NULL, 1, 'Mon Carlo Delima', 'Sunnyvale 1', 'Court', '10', '2023-05-02 12:00:00', '2023-05-02 18:00:00', 480, 'Yes'),
(28, NULL, 18, 'Test', 'Sunnyvale 1', 'Swimming Pool', '5', '2023-05-05 01:00:00', '2023-05-05 02:00:00', 50, 'Yes');

-- --------------------------------------------------------

--
-- Table structure for table `annual_dues`
--

DROP TABLE IF EXISTS `annual_dues`;
CREATE TABLE IF NOT EXISTS `annual_dues` (
  `annual_dues_id` int(11) NOT NULL AUTO_INCREMENT,
  `subdivision_name` varchar(255) NOT NULL,
  `amount` int(11) NOT NULL,
  `updated_at` date NOT NULL,
  PRIMARY KEY (`annual_dues_id`)
) ENGINE=MyISAM AUTO_INCREMENT=12 DEFAULT CHARSET=utf8;

--
-- Dumping data for table `annual_dues`
--

INSERT INTO `annual_dues` (`annual_dues_id`, `subdivision_name`, `amount`, `updated_at`) VALUES
(1, 'Sunnyvale 1', 200, '2022-11-27'),
(2, 'Sunnyvale 2', 250, '2022-11-27'),
(3, 'Sunnyvale 3', 500, '2022-11-29'),
(4, 'Sunnyvale 4', 350, '2022-11-27');

-- --------------------------------------------------------

--
-- Table structure for table `audit_trail`
--

DROP TABLE IF EXISTS `audit_trail`;
CREATE TABLE IF NOT EXISTS `audit_trail` (
  `audit_id` int(11) NOT NULL AUTO_INCREMENT,
  `user` varchar(50) NOT NULL,
  `action` varchar(255) NOT NULL,
  `datetime` datetime NOT NULL,
  PRIMARY KEY (`audit_id`)
) ENGINE=MyISAM AUTO_INCREMENT=1540 DEFAULT CHARSET=utf8;

--
-- Dumping data for table `audit_trail`
--

INSERT INTO `audit_trail` (`audit_id`, `user`, `action`, `datetime`) VALUES
(3, 'SV1_Admin', 'logged in', '2022-11-29 12:32:22'),
(5, 'SV1_Admin', 'logged in', '2022-11-29 12:36:16'),
(6, 'SV1_Admin', 'logged out', '2022-11-29 12:36:18'),
(7, 'SV1_Admin', 'logged in', '2022-11-29 12:36:33'),
(14, 'SV1_Admin', 'updated homeowner Mon Carlo Delima', '2022-11-29 12:58:49'),
(13, 'SV1_Admin', 'updated homeowner Mon Carlo Delim', '2022-11-29 12:58:29'),
(12, 'SV1_Admin', 'added homeowner Tristram Hudson', '2022-11-29 12:56:04'),
(17, 'SV1_Admin', 'deactivated user Kyle Andrei Casingal', '2022-11-29 13:08:19'),
(16, 'SV1_Admin', 'activated user Kyle Andrei Casingal', '2022-11-29 13:06:29'),
(18, 'SV1_Admin', 'logged in', '2022-11-29 13:57:18'),
(20, 'SV1_Admin', 'added a new amenity Sunnyvale 1-Bathhouse', '2022-11-29 14:04:34'),
(21, 'SV1_Admin', 'added a new amenity Sunnyvale 1-Bath', '2022-11-29 14:05:41'),
(24, 'SV1_Admin', 'updated an exisiting amenity Sunnyvale 1-Bathhouse', '2022-11-29 14:07:00'),
(25, 'SV1_Admin', 'added a new subdivision Sunnyvale 10 Calumpang', '2022-11-29 14:08:20'),
(26, 'SV1_Admin', 'updated an existing subdivision Sunnyvale 10 Calum', '2022-11-29 14:09:12'),
(27, 'SV1_Admin', 'updated an existing subdivision Sunnyvale 10 Calumpang', '2022-11-29 14:09:22'),
(31, 'SV1_Admin', 'added a new monthly due Sunnyvale 10-50.00', '2022-11-29 14:12:13'),
(32, 'SV1_Admin', 'updated an existing monthly due Sunnyvale 10-720.00', '2022-11-29 14:13:01'),
(33, 'SV1_Admin', 'added a new system account SV1_TreasurerTreasurer', '2022-11-29 14:16:20'),
(34, 'SV1_Admin', 'added a new system account SV2_Admin-Admin', '2022-11-29 14:17:28'),
(35, 'SV1_Admin', 'updated an existing system account SV1_Treasurer-Treasurer', '2022-11-29 14:18:50'),
(36, 'SV1_Admin', 'updated an existing system account SV1_Treasurer-Treasurer', '2022-11-29 14:19:03'),
(37, 'SV1_Admin', 'added a new subdivision officer Chopper-Secretary', '2022-11-29 14:23:46'),
(38, 'SV1_Admin', 'updated an existing subdivision officer Chopper-Treasurer', '2022-11-29 14:24:39'),
(39, 'SV1_Admin', 'logged in', '2022-11-29 14:30:54'),
(40, 'SV1_Admin', 'logged out', '2022-11-29 14:31:38'),
(41, 'Mon Carlo Delima', 'logged in', '2022-11-29 14:31:45'),
(42, 'Mon Carlo Delima', 'logged out', '2022-11-29 14:32:50'),
(43, 'SV1_Admin', 'logged in', '2022-11-29 14:32:54'),
(44, 'SV1_Admin', 'logged out', '2022-11-29 17:47:17'),
(45, 'SV1_Admin', 'logged in', '2022-11-29 17:47:29'),
(46, 'SV1_Admin', 'added homeowner Ralph Monsour Delima', '2022-11-29 17:49:12'),
(47, 'SV1_Admin', 'updated homeowner Ralph Monsour Delima', '2022-11-29 17:49:28'),
(48, 'SV1_Admin', 'logged out', '2022-11-29 17:50:11'),
(49, 'SV1_Admin', 'logged in', '2022-11-29 18:15:44'),
(50, 'SV1_Admin', 'logged out', '2022-11-29 18:16:29'),
(51, 'SV1_Admin', 'logged in', '2022-11-29 21:00:17'),
(52, 'SV1_Admin', 'logged out', '2022-11-29 21:03:43'),
(53, 'SV1_Admin', 'logged in', '2022-11-29 21:03:45'),
(54, 'SV1_Admin', 'logged out', '2022-11-29 21:05:05'),
(55, 'SV1_Admin', 'logged in', '2022-11-29 21:05:07'),
(56, 'SV1_Admin', 'logged out', '2022-11-29 21:06:39'),
(57, 'Mon Carlo Delima', 'logged in', '2022-11-29 21:06:53'),
(58, 'Mon Carlo Delima', 'logged out', '2022-11-29 21:24:55'),
(59, 'Mon Carlo Delima', 'logged in', '2022-11-29 21:24:57'),
(60, 'Mon Carlo Delima', 'logged out', '2022-11-29 21:25:29'),
(61, 'Mon Carlo Delima', 'logged in', '2022-11-29 21:25:31'),
(62, 'Mon Carlo Delima', 'logged out', '2022-11-29 22:11:34'),
(63, 'SV1_Admin', 'logged in', '2022-11-29 22:11:37'),
(64, 'SV1_Admin', 'logged in', '2022-11-29 23:10:34'),
(65, 'SV1_Admin', 'updated an exisiting amenity Sunnyvale 1-Basketball Court', '2022-11-30 00:53:48'),
(66, 'SV1_Admin', 'added a new subdivision Sunnyvale 11 Bilibiran', '2022-11-30 00:55:31'),
(67, 'SV1_Admin', 'logged in', '2022-11-30 13:13:52'),
(68, 'SV1_Admin', 'logged out', '2022-11-30 13:15:09'),
(69, 'SV1_Admin', 'logged in', '2022-11-30 13:15:27'),
(70, 'SV1_Admin', 'logged out', '2022-11-30 13:35:15'),
(71, 'SV1_Admin', 'logged in', '2022-11-30 13:42:14'),
(72, 'SV1_Admin', 'logged out', '2022-11-30 13:50:47'),
(73, 'SV1_Admin', 'logged in', '2022-11-30 13:50:54'),
(74, 'SV1_Admin', 'logged in', '2022-11-30 13:51:50'),
(75, 'SV1_Admin', 'logged out', '2022-11-30 15:59:27'),
(76, 'SV1_Admin', 'logged in', '2022-11-30 15:59:51'),
(77, 'SV1_Admin', 'logged out', '2022-11-30 16:00:00'),
(78, 'SV1_Admin', 'logged in', '2022-11-30 16:06:03'),
(79, 'SV1_Admin', 'logged out', '2022-11-30 16:07:52'),
(80, 'SV1_Treasurer', 'logged in', '2022-11-30 16:08:27'),
(81, 'SV1_Treasurer', 'logged out', '2022-11-30 16:17:11'),
(82, 'SV1_Admin', 'logged in', '2022-11-30 16:17:20'),
(83, 'SV1_Admin', 'logged out', '2022-11-30 16:34:42'),
(84, 'SV1_Secretary', 'logged in', '2022-11-30 16:35:05'),
(85, 'SV1_Secretary', 'logged out', '2022-11-30 16:35:42'),
(86, 'SV1_Admin', 'logged in', '2022-11-30 16:35:49'),
(87, 'SV1_Admin', 'logged out', '2022-11-30 16:37:59'),
(88, 'SV1_Admin', 'logged in', '2022-11-30 16:38:08'),
(89, 'SV1_Admin', 'logged out', '2022-11-30 16:48:57'),
(90, 'SV1_Admin', 'logged in', '2022-11-30 16:49:17'),
(91, 'SV1_Admin', 'logged out', '2022-11-30 16:52:09'),
(92, 'SV1_Secretary', 'logged in', '2022-11-30 16:52:22'),
(93, 'SV1_Secretary', 'logged out', '2022-11-30 16:52:35'),
(94, 'SV1_Admin', 'logged in', '2022-11-30 21:55:37'),
(95, 'SV1_Admin', 'logged out', '2022-11-30 23:32:58'),
(96, 'SV1_Admin', 'logged in', '2022-11-30 23:33:06'),
(97, 'SV1_Admin', 'logged out', '2022-11-30 23:40:02'),
(98, 'SV1_Admin', 'logged in', '2022-11-30 23:40:12'),
(99, 'SV1_Admin', 'reserved an amenity', '2022-11-30 23:45:17'),
(100, 'SV1_Admin', 'logged out', '2022-11-30 23:53:02'),
(101, 'SV1_Admin', 'logged in', '2022-11-30 23:59:07'),
(102, 'SV1_Admin', 'logged out', '2022-12-01 00:00:03'),
(103, 'SV1_Admin', 'logged in', '2022-12-01 00:04:39'),
(104, 'SV1_Admin', 'logged out', '2022-12-01 00:05:18'),
(105, 'Mon Carlo Delima', 'logged in', '2022-12-01 00:08:11'),
(106, 'Mon Carlo Delima', 'logged out', '2022-12-01 01:41:29'),
(107, 'SV1_Admin', 'logged in', '2022-12-01 01:41:58'),
(108, 'SV1_Admin', 'logged out', '2022-12-01 01:43:16'),
(109, 'Mon Carlo Delima', 'logged in', '2022-12-01 01:43:26'),
(110, 'Mon Carlo Delima', 'logged out', '2022-12-01 03:14:51'),
(111, 'John Doe', 'logged in', '2022-12-01 03:16:07'),
(112, 'John Doe', 'logged out', '2022-12-01 03:56:21'),
(113, 'Mon Carlo Delima', 'logged in', '2022-12-01 03:56:28'),
(114, 'SV1_Admin', 'logged out', '2022-12-01 06:23:21'),
(115, 'Mon Carlo Delima', 'logged in', '2022-12-01 06:23:30'),
(116, 'Mon Carlo Delima', 'logged out', '2022-12-01 06:23:36'),
(117, 'SV1_Treasurer', 'logged in', '2022-12-01 06:23:55'),
(118, 'SV1_Treasurer', 'logged out', '2022-12-01 06:25:54'),
(119, 'Mon Carlo Delima', 'logged in', '2022-12-01 06:25:57'),
(120, 'Mon Carlo Delima', 'reserved an amenity', '2022-12-01 06:26:26'),
(121, 'Mon Carlo Delima', 'logged out', '2022-12-01 06:26:31'),
(122, 'SV1_Treasurer', 'logged in', '2022-12-01 06:26:35'),
(123, 'SV1_Treasurer', 'logged out', '2022-12-01 06:27:34'),
(124, 'Mon Carlo Delima', 'logged in', '2022-12-01 06:27:37'),
(125, 'Mon Carlo Delima', 'logged out', '2022-12-01 06:28:12'),
(126, 'SV1_Admin', 'logged in', '2022-12-01 06:28:15'),
(127, 'SV1_Admin', 'added homeowner Marco Ivan Sta. Maria', '2022-12-01 06:29:40'),
(128, 'SV1_Admin', 'logged out', '2022-12-01 06:34:43'),
(129, 'Marco Ivan Sta. Maria', 'logged in', '2022-12-01 06:34:50'),
(130, 'Marco Ivan Sta. Maria', 'uploaded a new post', '2022-12-01 06:37:21'),
(131, 'Marco Ivan Sta. Maria', 'logged out', '2022-12-01 06:40:06'),
(132, 'Krishatelene Bendaña', 'logged in', '2022-12-01 06:40:14'),
(133, 'Krishatelene Bendaña', 'logged out', '2022-12-01 06:42:48'),
(134, 'Mon Carlo Delima', 'logged in', '2022-12-01 06:42:53'),
(135, 'Mon Carlo Delima', 'logged out', '2022-12-01 06:42:54'),
(136, 'SV1_Admin', 'logged in', '2022-12-01 06:42:58'),
(137, 'SV1_Admin', 'logged out', '2022-12-01 06:42:59'),
(138, 'Krishatelene Bendaña', 'logged in', '2022-12-01 06:43:06'),
(139, 'Krishtalene Bendaña', 'uploaded a new post', '2022-12-01 06:48:14'),
(140, 'Krishtalene Bendaña', 'uploaded a new post', '2022-12-01 06:48:54'),
(141, 'Krishtalene Bendaña', 'logged out', '2022-12-01 06:49:01'),
(142, 'Marco Ivan Sta. Maria', 'logged in', '2022-12-01 06:49:06'),
(143, 'Marco Ivan Sta. Maria', 'uploaded a new post', '2022-12-01 06:49:23'),
(144, 'Marco Ivan Sta. Maria', 'logged out', '2022-12-01 06:50:03'),
(145, 'Krishtalene Bendaña', 'logged in', '2022-12-01 06:50:06'),
(146, 'Krishtalene Bendaña', 'uploaded a new post', '2022-12-01 06:50:15'),
(147, 'Krishtalene Bendaña', 'logged out', '2022-12-01 06:50:41'),
(148, 'Marco Ivan Sta. Maria', 'logged in', '2022-12-01 06:50:44'),
(149, 'Marco Ivan Sta. Maria', 'uploaded a new post', '2022-12-01 06:51:00'),
(150, 'Marco Ivan Sta. Maria', 'logged out', '2022-12-01 06:51:10'),
(151, 'Marco Ivan Sta. Maria', 'logged in', '2022-12-01 06:53:46'),
(152, 'Marco Ivan Sta. Maria', 'uploaded a new post', '2022-12-01 06:53:50'),
(153, 'Marco Ivan Sta. Maria', 'uploaded a new post', '2022-12-01 06:54:48'),
(154, 'Marco Ivan Sta. Maria', 'uploaded a new post', '2022-12-01 06:55:39'),
(155, 'Marco Ivan Sta. Maria', 'logged out', '2022-12-01 06:59:45'),
(156, 'SV1_Treasurer', 'logged in', '2022-12-01 06:59:50'),
(157, 'SV1_Treasurer', 'logged out', '2022-12-01 07:00:11'),
(158, 'Mon Carlo Delima', 'logged in', '2022-12-01 07:00:14'),
(159, 'Mon Carlo Delima', 'logged out', '2022-12-01 07:00:21'),
(160, 'SV1_Admin', 'logged in', '2022-12-01 08:45:05'),
(161, 'SV1_Admin', 'logged out', '2022-12-01 09:02:26'),
(162, 'John Doe', 'logged in', '2022-12-01 09:02:51'),
(163, 'John Doe', 'logged out', '2022-12-01 09:08:37'),
(164, 'Kyle Andrei Casingal', 'created an account', '2022-12-01 09:10:14'),
(165, 'kylecasingal36@gmail.com', 'verified their email', '2022-12-01 09:10:39'),
(166, 'SV1_Admin', 'logged in', '2022-12-01 09:10:50'),
(167, 'SV1_Admin', 'activated user Kyle Andrei Casingal', '2022-12-01 09:11:02'),
(168, 'SV1_Admin', 'logged out', '2022-12-01 09:11:05'),
(169, 'SV1_Admin', 'logged in', '2022-12-01 09:12:31'),
(170, 'SV1_Admin', 'deactivated user John Doe', '2022-12-01 09:12:59'),
(171, 'SV1_Admin', 'activated user John Doe', '2022-12-01 09:13:09'),
(172, 'SV1_Admin', 'deactivated user John Doe', '2022-12-01 09:13:46'),
(173, 'SV1_Admin', 'deactivated user Roiemar Escueta', '2022-12-01 09:13:46'),
(174, 'SV1_Admin', 'activated user John Doe', '2022-12-01 09:15:52'),
(175, 'SV1_Admin', 'activated user janwel castillo', '2022-12-01 09:15:52'),
(176, 'SV1_Admin', 'deactivated user John Doe', '2022-12-01 09:16:01'),
(177, 'SV1_Admin', 'deactivated user janwel castillo', '2022-12-01 09:16:01'),
(178, 'SV1_Admin', 'logged out', '2022-12-01 09:17:25'),
(179, 'SV1_Admin', 'logged in', '2022-12-01 09:17:43'),
(180, 'SV1_Admin', 'logged out', '2022-12-01 09:18:46'),
(181, 'SV1_Admin', 'logged in', '2022-12-01 09:26:41'),
(182, 'SV1_Admin', 'logged out', '2022-12-01 10:05:25'),
(183, 'Kyle Andrei Casingal', 'created an account', '2022-12-01 10:10:32'),
(184, 'kylecasingal36@gmail.com', 'verified their email', '2022-12-01 10:11:20'),
(185, 'SV1_Admin', 'logged in', '2022-12-01 10:12:15'),
(186, 'SV1_Admin', 'activated user Kyle Andrei Casingal', '2022-12-01 10:12:24'),
(187, 'SV1_Admin', 'logged out', '2022-12-01 10:12:27'),
(188, 'Kyle Andrei Casingal', 'logged in', '2022-12-01 10:12:37'),
(189, 'Kyle Andrei Casingal', 'uploaded a new post', '2022-12-01 10:13:20'),
(190, 'Kyle Andrei Casingal', 'reserved an amenity', '2022-12-01 10:14:41'),
(191, 'Kyle Andrei Casingal', 'logged out', '2022-12-01 10:14:55'),
(192, 'Kyle Andrei Casingal', 'logged in', '2022-12-01 10:15:08'),
(193, 'Kyle Andrei Casingal', 'logged out', '2022-12-01 10:15:51'),
(194, 'Kyle Andrei Casingal', 'logged in', '2022-12-01 10:15:59'),
(195, 'Kyle Andrei Casingal', 'submitted a concern', '2022-12-01 10:16:33'),
(196, 'Kyle Andrei Casingal', 'logged out', '2022-12-01 10:16:42'),
(197, 'SV1_Admin', 'logged in', '2022-12-01 10:16:49'),
(198, 'SV1_Admin', 'logged out', '2022-12-01 10:17:27'),
(199, 'SV1_Treasurer', 'logged in', '2022-12-01 10:17:44'),
(200, 'SV1_Treasurer', 'logged out', '2022-12-01 10:17:56'),
(201, 'SV1_Secretary', 'logged in', '2022-12-01 10:18:06'),
(202, 'SV1_Secretary', 'logged out', '2022-12-01 10:18:23'),
(203, 'SV1_Admin', 'logged in', '2022-12-01 10:18:41'),
(204, 'SV1_Admin', 'added homeowner Cardo Dalisay', '2022-12-01 10:20:28'),
(205, 'SV1_Admin', 'updated homeowner Cardo Dalisay', '2022-12-01 10:21:00'),
(206, 'SV1_Admin', 'deactivated user Krishtalene Bendaña', '2022-12-01 10:21:54'),
(207, 'SV1_Admin', 'deactivated user Kyle Andrei Casingal', '2022-12-01 10:21:54'),
(208, 'SV1_Admin', 'activated user Krishtalene Bendaña', '2022-12-01 10:22:16'),
(209, 'SV1_Admin', 'activated user Kyle Andrei Casingal', '2022-12-01 10:22:16'),
(210, 'SV1_Admin', 'updated an exisiting amenity Sunnyvale 1-Basketball Court', '2022-12-01 10:22:49'),
(211, 'SV1_Admin', 'logged in', '2023-01-13 13:30:20'),
(212, 'SV1_Admin', 'logged out', '2023-01-13 13:35:53'),
(213, 'SV1_Admin', 'logged in', '2023-01-13 13:36:09'),
(214, 'SV1_Admin', 'logged out', '2023-01-13 13:38:21'),
(215, 'SV1_Admin', 'logged in', '2023-01-13 13:38:30'),
(216, 'SV1_Admin', 'logged out', '2023-01-13 13:38:41'),
(217, 'SV1_Admin', 'logged in', '2023-01-13 13:38:48'),
(218, 'SV1_Admin', 'logged out', '2023-01-13 13:38:51'),
(219, 'SV1_Admin', 'logged in', '2023-01-13 13:39:01'),
(220, 'Mon Carlo Delima', 'logged out', '2023-01-13 14:33:50'),
(221, 'SV1_Admin', 'logged in', '2023-01-13 14:33:53'),
(222, 'SV1_Admin', 'logged out', '2023-01-13 14:39:57'),
(223, 'SV1_Admin', 'logged in', '2023-01-13 14:40:00'),
(224, 'SV1_Admin', 'logged out', '2023-01-13 17:54:10'),
(225, 'SV1_Admin', 'logged in', '2023-01-13 17:54:12'),
(226, 'SV1_Admin', 'logged out', '2023-01-13 17:54:35'),
(227, 'Mon Carlo Delima', 'logged in', '2023-01-13 17:54:39'),
(228, 'Mon Carlo Delima', 'logged out', '2023-01-13 17:54:56'),
(229, 'SV1_Admin', 'logged in', '2023-01-13 17:54:59'),
(230, 'SV1_Admin', 'logged out', '2023-01-13 18:10:15'),
(231, 'SV1_Admin', 'logged in', '2023-01-13 18:10:17'),
(232, 'SV1_Admin', 'logged out', '2023-01-14 16:43:31'),
(233, 'Mon Carlo Delima', 'logged in', '2023-01-14 16:43:35'),
(234, 'Mon Carlo Delima', 'logged out', '2023-01-14 17:15:18'),
(235, 'Mon Carlo Delima', 'logged in', '2023-01-14 17:15:21'),
(236, 'Mon Carlo Delima', 'logged out', '2023-01-14 17:20:46'),
(237, 'Mon Carlo Delima', 'logged in', '2023-01-14 17:20:49'),
(238, 'Mon Carlo Delima', 'logged out', '2023-01-14 17:21:20'),
(239, 'SV1_Treasurer', 'logged in', '2023-01-14 17:21:25'),
(240, 'SV1_Treasurer', 'logged out', '2023-01-14 17:21:29'),
(241, 'SV1_Admin', 'logged in', '2023-01-14 17:21:35'),
(242, 'SV1_Admin', 'logged out', '2023-01-14 17:24:30'),
(243, 'Mon Carlo Delima', 'logged in', '2023-01-14 17:24:32'),
(244, 'Mon Carlo Delima', 'logged out', '2023-01-14 17:26:29'),
(245, 'SV1_Admin', 'logged in', '2023-01-14 17:26:36'),
(246, 'SV1_Admin', 'logged out', '2023-01-14 17:27:16'),
(247, 'Mon Carlo Delima', 'logged in', '2023-01-14 17:27:19'),
(248, 'Mon Carlo Delima', 'logged out', '2023-01-14 17:40:47'),
(249, 'SV1_Admin', 'logged in', '2023-01-14 17:40:50'),
(250, 'SV1_Admin', 'logged out', '2023-01-14 17:41:29'),
(251, 'Mon Carlo Delima', 'logged in', '2023-01-14 17:41:33'),
(252, 'Mon Carlo Delima', 'logged out', '2023-01-14 17:42:18'),
(253, 'SV1_Admin', 'logged in', '2023-01-14 17:42:20'),
(254, 'SV1_Admin', 'logged out', '2023-01-14 17:43:05'),
(255, 'Mon Carlo Delima', 'logged in', '2023-01-14 17:43:09'),
(256, 'Mon Carlo Delima', 'logged out', '2023-01-14 17:47:08'),
(257, 'Mon Carlo Delima', 'logged in', '2023-01-14 21:27:15'),
(258, 'Mon Carlo Delima', 'logged out', '2023-01-15 11:16:23'),
(259, 'SV1_Admin', 'logged in', '2023-01-15 11:16:25'),
(260, 'SV1_Admin', 'logged out', '2023-01-15 11:17:45'),
(261, 'Mon Carlo Delima', 'logged in', '2023-01-15 11:17:49'),
(262, 'Mon Carlo Delima', 'logged out', '2023-01-15 11:26:25'),
(263, 'Mon Carlo Delima', 'logged in', '2023-01-15 11:26:33'),
(264, 'Mon Carlo Delima', 'logged out', '2023-01-15 11:50:11'),
(265, 'SV1_Admin', 'logged in', '2023-01-15 11:50:13'),
(266, 'SV1_Admin', 'logged out', '2023-01-15 11:50:54'),
(267, 'Mon Carlo Delima', 'logged in', '2023-01-15 11:50:57'),
(268, 'Mon Carlo Delima', 'logged out', '2023-01-15 12:06:34'),
(269, 'SV1_Admin', 'logged in', '2023-01-15 12:06:36'),
(270, 'SV1_Admin', 'updated an exisiting amenity Sunnyvale 1-Basketball', '2023-01-15 12:06:57'),
(271, 'SV1_Admin', 'updated an exisiting amenity Sunnyvale 1-Basketball Court', '2023-01-15 12:07:03'),
(272, 'SV1_Admin', 'logged out', '2023-01-15 12:08:04'),
(273, 'SV1_Admin', 'logged in', '2023-01-15 12:08:07'),
(274, 'SV1_Admin', 'updated homeowner Mon Carl Delima', '2023-01-15 12:08:32'),
(275, 'SV1_Admin', 'updated homeowner Mon Carlo Delima', '2023-01-15 12:08:48'),
(276, 'SV1_Admin', 'updated homeowner Mon Carl Delima', '2023-01-15 12:08:53'),
(277, 'SV1_Admin', 'updated homeowner Mon Carlo Delima', '2023-01-15 12:08:57'),
(278, 'SV1_Admin', 'logged out', '2023-01-15 12:09:14'),
(279, 'Mon Carlo Delima', 'logged in', '2023-01-15 12:09:18'),
(280, 'Mon Carlo Delima', 'logged out', '2023-01-15 15:49:45'),
(281, 'SV1_Admin', 'logged in', '2023-01-15 15:49:52'),
(282, 'SV1_Admin', 'logged out', '2023-01-15 15:50:11'),
(283, 'SV1_Admin', 'logged in', '2023-01-15 15:51:36'),
(284, 'SV1_Admin', 'logged out', '2023-01-15 15:55:36'),
(285, 'Mon Carlo Delima', 'logged in', '2023-01-15 15:55:39'),
(286, 'Mon Carlo Delima', 'logged out', '2023-01-15 16:17:42'),
(287, 'SV1_Admin', 'logged in', '2023-01-15 16:30:41'),
(288, 'SV1_Admin', 'logged out', '2023-01-18 21:19:10'),
(289, 'Mon Carlo Delima', 'logged in', '2023-01-18 21:19:13'),
(290, 'Mon Carlo Delima', 'logged in', '2023-01-18 22:03:53'),
(291, 'Mon Carlo Delima', 'uploaded a new post', '2023-01-18 22:10:04'),
(292, 'Mon Carlo Delima', 'uploaded a new post', '2023-01-20 09:07:53'),
(293, 'Mon Carlo Delima', 'uploaded a new post', '2023-01-20 09:08:12'),
(294, 'SV1_Admin', 'logged out', '2023-01-24 19:58:31'),
(295, 'SV1_Admin', 'logged in', '2023-01-24 19:58:36'),
(296, 'SV1_Admin', 'uploaded a new post', '2023-01-24 20:00:38'),
(297, 'SV1_Admin', 'logged out', '2023-01-24 20:00:42'),
(298, 'SV1_Admin', 'logged in', '2023-01-24 20:01:33'),
(299, 'SV1_Admin', 'uploaded a new post', '2023-01-24 20:06:20'),
(300, 'SV1_Admin', 'logged out', '2023-01-24 20:10:40'),
(301, 'Mon Carlo Delima', 'logged in', '2023-01-24 20:10:45'),
(302, 'Mon Carlo Delima', 'logged out', '2023-01-24 20:12:57'),
(303, 'Mon Carlo Delima', 'logged in', '2023-01-24 20:14:08'),
(304, 'Mon Carlo Delima', 'logged out', '2023-01-24 20:14:36'),
(305, 'Mon Carlo Delima', 'logged in', '2023-01-24 20:14:40'),
(306, 'SV1_Admin', 'logged in', '2023-01-24 20:16:04'),
(307, 'Mon Carlo Delima', 'logged out', '2023-01-27 19:00:55'),
(308, 'SV1_Admin', 'logged in', '2023-01-27 19:00:58'),
(309, 'SV1_Admin', 'logged out', '2023-01-30 20:30:02'),
(310, 'Mon Carlo Delima', 'logged in', '2023-01-30 20:30:04'),
(311, 'Mon Carlo Delima', 'logged out', '2023-01-30 20:35:01'),
(312, 'Mon Carlo Delima', 'logged in', '2023-01-30 20:35:03'),
(313, 'Mon Carlo Delima', 'logged in', '2023-01-30 20:48:05'),
(314, 'Mon Carlo Delima', 'logged out', '2023-01-30 20:48:08'),
(315, 'SV1_Admin', 'logged in', '2023-01-30 20:48:13'),
(316, 'SV1_Admin', 'logged out', '2023-01-30 20:49:42'),
(317, 'Mon Carlo Delima', 'logged in', '2023-01-30 20:49:45'),
(318, 'Mon Carlo Delima', 'logged out', '2023-01-30 21:09:28'),
(319, 'SV1_Admin', 'logged in', '2023-01-30 21:09:31'),
(320, 'SV1_Admin', 'logged out', '2023-01-30 21:09:58'),
(321, 'Mon Carlo Delima', 'logged in', '2023-01-30 21:10:01'),
(322, 'Mon Carlo Delima', 'logged out', '2023-01-30 21:17:47'),
(323, 'Mon Carlo Delima', 'logged in', '2023-01-30 21:17:53'),
(324, 'Mon Carlo Delima', 'logged out', '2023-01-30 21:21:23'),
(325, 'Mon Carlo Delima', 'logged in', '2023-01-30 21:21:26'),
(326, 'Mon Carlo Delima', 'logged out', '2023-01-30 21:29:44'),
(327, 'Mon Carlo Delima', 'logged in', '2023-01-30 21:29:46'),
(328, 'Mon Carlo Delima', 'logged out', '2023-01-30 21:36:26'),
(329, 'Mon Carlo Delima', 'logged in', '2023-01-30 21:36:28'),
(330, 'Mon Carlo Delima', 'logged out', '2023-01-30 21:36:40'),
(331, 'Mon Carlo Delima', 'logged in', '2023-01-30 21:36:41'),
(332, 'Mon Carlo Delima', 'logged out', '2023-01-30 21:36:50'),
(333, 'Mon Carlo Delima', 'logged in', '2023-01-30 21:36:51'),
(334, 'Mon Carlo Delima', 'logged out', '2023-02-01 18:43:53'),
(335, 'Mon Carlo Delima', 'logged in', '2023-02-01 18:43:57'),
(336, 'Mon Carlo Delima', 'logged out', '2023-02-01 19:12:20'),
(337, 'SV1_Admin', 'logged in', '2023-02-01 19:12:23'),
(338, 'SV1_Admin', 'logged out', '2023-02-01 19:13:39'),
(339, 'Mon Carlo Delima', 'logged in', '2023-02-01 19:14:00'),
(340, 'Mon Carlo Delima', 'logged out', '2023-02-01 20:14:33'),
(341, 'Mon Carlo Delima', 'logged in', '2023-02-01 20:14:37'),
(342, 'Mon Carlo Delima', 'logged out', '2023-02-03 22:48:43'),
(343, 'SV1_Admin', 'logged in', '2023-02-03 22:48:46'),
(344, 'SV1_Admin', 'logged out', '2023-02-04 14:02:17'),
(345, 'SV1_Admin', 'logged in', '2023-02-04 14:02:24'),
(346, 'SV1_Admin', 'logged out', '2023-02-04 15:23:51'),
(347, 'SV1_Admin', 'logged in', '2023-02-04 15:23:54'),
(348, 'SV1_Admin', 'logged in', '2023-02-04 15:24:55'),
(349, 'SV1_Admin', 'logged out', '2023-02-04 15:25:09'),
(350, 'SV1_Admin', 'logged in', '2023-02-04 15:25:11'),
(351, 'SV1_Admin', 'logged out', '2023-02-04 15:25:15'),
(352, 'Mon Carlo Delima', 'logged in', '2023-02-04 15:25:17'),
(353, 'SV1_Admin', 'logged out', '2023-02-06 16:36:40'),
(354, 'SV1_Admin', 'logged in', '2023-02-06 16:36:43'),
(355, 'SV1_Admin', 'logged out', '2023-02-06 16:39:33'),
(356, 'SV1_Admin', 'logged in', '2023-02-06 16:39:36'),
(357, 'SV1_Admin', 'logged out', '2023-02-06 16:42:41'),
(358, 'SV1_Admin', 'logged in', '2023-02-06 16:42:45'),
(359, 'Mon Carlo Delima', 'logged in', '2023-02-06 17:41:45'),
(360, 'SV1_Admin', 'logged out', '2023-02-07 17:01:41'),
(361, 'Mon Carlo Delima', 'logged in', '2023-02-07 17:01:48'),
(362, 'Mon Carlo Delima', 'logged out', '2023-02-07 17:19:20'),
(363, 'Mon Carlo Delima', 'logged in', '2023-02-10 10:25:18'),
(364, 'Mon Carlo Delima', 'logged out', '2023-02-10 14:25:46'),
(365, 'SV1_Admin', 'logged in', '2023-02-10 14:25:50'),
(366, 'Mon Carlo Delima', 'logged in', '2023-02-10 14:26:11'),
(367, 'Mon Carlo Delima', 'logged out', '2023-02-10 14:26:37'),
(368, 'Mon Carlo Delima', 'logged in', '2023-02-10 14:26:39'),
(369, 'SV1_Admin', 'logged out', '2023-02-11 13:10:56'),
(370, 'Mon Carlo Delima', 'logged in', '2023-02-11 13:11:18'),
(371, 'Mon Carlo Delima', 'logged out', '2023-02-11 14:38:43'),
(372, 'SV1_Admin', 'logged in', '2023-02-11 14:38:46'),
(373, 'SV1_Admin', 'logged out', '2023-02-11 15:53:23'),
(374, 'Mon Carlo Delima', 'logged in', '2023-02-11 15:53:25'),
(375, 'Mon Carlo Delima', 'logged out', '2023-02-11 15:56:19'),
(376, 'SV1_Admin', 'logged in', '2023-02-11 15:58:47'),
(377, 'SV1_Admin', 'logged out', '2023-02-11 15:58:51'),
(378, 'Mon Carlo Delima', 'logged in', '2023-02-11 15:58:56'),
(379, 'Mon Carlo Delima', 'logged out', '2023-02-12 16:35:26'),
(380, 'Mon Carlo Delima', 'logged in', '2023-02-12 16:35:36'),
(381, 'Mon Carlo Delima', 'logged out', '2023-02-14 18:24:06'),
(382, 'SV1_Admin', 'logged in', '2023-02-14 18:24:11'),
(383, 'SV1_Admin', 'logged out', '2023-02-14 21:32:16'),
(384, 'SV1_Admin', 'logged in', '2023-02-14 21:32:22'),
(385, 'SV1_Admin', 'logged out', '2023-02-14 21:32:26'),
(386, 'Mon Carlo Delima', 'logged in', '2023-02-14 21:32:29'),
(387, 'Mon Carlo Delima', 'logged out', '2023-02-14 22:22:38'),
(388, 'Mon Carlo Delima', 'logged in', '2023-02-14 22:23:01'),
(389, 'SV1_Treasurer', 'logged in', '2023-02-16 00:58:57'),
(390, 'SV1_Treasurer', 'logged out', '2023-02-16 01:30:01'),
(391, 'SV1_Treasurer', 'logged in', '2023-02-16 01:39:20'),
(392, 'SV1_Admin', 'logged in', '2023-02-18 13:07:41'),
(393, 'SV1_Treasurer', 'logged in', '2023-02-20 08:30:38'),
(394, 'SV1_Treasurer', 'logged out', '2023-02-20 08:50:17'),
(395, 'SV1_Treasurer', 'logged in', '2023-02-20 11:00:09'),
(396, 'SV1_Treasurer', 'logged in', '2023-02-20 11:41:51'),
(397, 'SV1_Treasurer', 'logged in', '2023-03-18 18:44:00'),
(398, 'SV1_Treasurer', 'logged out', '2023-03-18 22:04:11'),
(399, 'SV1_Admin', 'logged in', '2023-03-18 22:04:14'),
(400, 'SV1_Admin', 'logged out', '2023-03-18 22:04:33'),
(401, 'SV1_Treasurer', 'logged in', '2023-03-18 22:05:22'),
(402, 'SV1_Treasurer', 'logged in', '2023-03-20 14:56:10'),
(403, 'SV1_Treasurer', 'logged in', '2023-03-22 07:54:03'),
(404, 'SV1_Treasurer', 'logged in', '2023-03-22 11:10:42'),
(405, 'SV1_Treasurer', 'logged in', '2023-03-22 13:24:08'),
(406, 'SV1_Admin', 'logged in', '2023-04-01 13:04:18'),
(407, 'SV1_Admin', 'logged out', '2023-04-01 13:43:26'),
(408, 'SV1_Admin', 'logged in', '2023-04-01 13:43:28'),
(409, 'SV1_Admin', 'logged out', '2023-04-01 13:43:47'),
(410, 'SV1_Admin', 'logged in', '2023-04-01 13:43:49'),
(411, 'SV1_Admin', 'logged out', '2023-04-01 13:44:06'),
(412, 'SV1_Admin', 'logged in', '2023-04-01 13:44:09'),
(413, 'SV1_Admin', 'logged out', '2023-04-01 13:46:43'),
(414, 'SV1_Admin', 'logged in', '2023-04-01 13:46:46'),
(415, 'SV1_Admin', 'logged out', '2023-04-01 14:00:24'),
(416, 'SV1_Admin', 'logged in', '2023-04-01 14:00:27'),
(417, 'SV1_Admin', 'logged out', '2023-04-01 14:13:13'),
(418, 'SV1_Admin', 'logged in', '2023-04-01 14:13:16'),
(419, 'SV1_Admin', 'logged out', '2023-04-01 14:13:17'),
(420, 'Mon Carlo Delima', 'logged in', '2023-04-01 14:13:21'),
(421, 'Mon Carlo Delima', 'logged out', '2023-04-01 14:13:41'),
(422, 'SV1_Treasurer', 'logged in', '2023-04-01 14:13:44'),
(423, 'SV1_Treasurer', 'logged out', '2023-04-01 21:41:30'),
(424, 'SV1_Admin', 'logged in', '2023-04-01 21:41:33'),
(425, 'SV1_Admin', 'logged out', '2023-04-01 22:18:05'),
(426, 'Mon Carlo Delima', 'logged in', '2023-04-01 22:18:08'),
(427, 'Mon Carlo Delima', 'uploaded a new post', '2023-04-01 22:19:20'),
(428, 'Mon Carlo Delima', 'uploaded a new post', '2023-04-01 22:20:08'),
(429, 'Mon Carlo Delima', 'uploaded a new post', '2023-04-01 22:20:36'),
(430, 'Mon Carlo Delima', 'uploaded a new post', '2023-04-01 22:21:36'),
(431, 'Mon Carlo Delima', 'logged out', '2023-04-01 22:21:55'),
(432, 'SV1_Admin', 'logged in', '2023-04-01 22:21:58'),
(433, 'SV1_Admin', 'uploaded a new post', '2023-04-01 22:22:03'),
(434, 'SV1_Admin', 'logged out', '2023-04-01 22:22:13'),
(435, 'Mon Carlo Delima', 'logged in', '2023-04-01 22:22:16'),
(436, 'Mon Carlo Delima', 'uploaded a new post', '2023-04-01 22:24:20'),
(437, 'Mon Carlo Delima', 'logged out', '2023-04-02 12:33:54'),
(438, 'SV1_Admin', 'logged in', '2023-04-02 12:33:57'),
(439, 'SV1_Admin', 'logged out', '2023-04-02 12:37:58'),
(440, 'SV1_Admin', 'logged in', '2023-04-02 12:38:01'),
(441, 'SV1_Admin', 'logged out', '2023-04-02 12:38:05'),
(442, 'SV1_Treasurer', 'logged in', '2023-04-02 12:38:09'),
(443, 'SV1_Treasurer', 'logged out', '2023-04-02 12:38:13'),
(444, 'SV1_Admin', 'logged in', '2023-04-02 12:38:15'),
(445, 'SV1_Admin', 'logged out', '2023-04-02 12:39:45'),
(446, 'Mon Carlo Delima', 'logged in', '2023-04-02 12:39:55'),
(447, 'Mon Carlo Delima', 'logged out', '2023-04-02 12:42:58'),
(448, 'SV1_Admin', 'logged in', '2023-04-02 12:43:00'),
(449, 'SV1_Admin', 'logged out', '2023-04-02 12:44:11'),
(450, 'SV1_Treasurer', 'logged in', '2023-04-02 12:44:15'),
(451, 'SV1_Treasurer', 'logged out', '2023-04-02 12:44:41'),
(452, 'Mon Carlo Delima', 'logged in', '2023-04-02 12:44:45'),
(453, 'Mon Carlo Delima', 'logged out', '2023-04-02 12:45:10'),
(454, 'SV1_Admin', 'logged in', '2023-04-02 12:45:13'),
(455, 'SV1_Admin', 'logged out', '2023-04-02 12:51:02'),
(456, 'SV1_Admin', 'logged in', '2023-04-02 12:51:06'),
(457, 'SV1_Admin', 'logged out', '2023-04-02 12:58:30'),
(458, 'Mon Carlo Delima', 'logged in', '2023-04-02 12:58:32'),
(459, 'Mon Carlo Delima', 'uploaded a new post', '2023-04-02 12:59:46'),
(460, 'Mon Carlo Delima', 'uploaded a new post', '2023-04-02 13:00:31'),
(461, 'Mon Carlo Delima', 'logged out', '2023-04-02 13:00:40'),
(462, 'SV1_Admin', 'logged in', '2023-04-02 13:00:45'),
(463, 'SV1_Admin', 'uploaded a new post', '2023-04-02 13:01:32'),
(464, 'SV1_Admin', 'uploaded a new post', '2023-04-02 13:03:49'),
(465, 'SV1_Admin', 'uploaded a new post', '2023-04-02 13:04:24'),
(466, 'SV1_Admin', 'uploaded a new post', '2023-04-02 13:04:37'),
(467, 'SV1_Admin', 'uploaded a new post', '2023-04-02 13:05:10'),
(468, 'SV1_Admin', 'uploaded a new post', '2023-04-02 13:05:16'),
(469, 'SV1_Admin', 'uploaded a new post', '2023-04-02 13:06:44'),
(470, 'SV1_Admin', 'logged out', '2023-04-02 13:36:57'),
(471, 'SV1_Admin', 'logged in', '2023-04-04 11:57:08'),
(472, 'SV1_Admin', 'logged out', '2023-04-04 12:21:10'),
(473, 'SV1_Treasurer', 'logged in', '2023-04-04 12:21:13'),
(474, 'SV1_Treasurer', 'logged out', '2023-04-04 12:22:43'),
(475, 'SV1_Admin', 'logged in', '2023-04-04 12:22:52'),
(476, 'SV1_Admin', 'updated an exisiting amenity Sunnyvale 1-Court', '2023-04-04 18:26:35'),
(477, 'SV1_Admin', 'added a new amenity Sunnyvale 1-test', '2023-04-04 18:28:20'),
(478, 'SV1_Admin', 'updated an exisiting amenity Sunnyvale 1-Court', '2023-04-04 18:31:00'),
(479, 'SV1_Admin', 'added a new amenity Sunnyvale 1-Test', '2023-04-05 10:17:59'),
(480, 'SV1_Admin', 'added a new amenity Sunnyvale 1-Test', '2023-04-05 10:18:56'),
(481, 'SV1_Admin', 'added a new amenity Sunnyvale 1-Test', '2023-04-05 10:19:24'),
(482, 'SV1_Admin', 'added a new amenity Sunnyvale 1-test', '2023-04-05 10:20:37'),
(483, 'SV1_Admin', 'added a new amenity Sunnyvale 1-123', '2023-04-05 10:21:06'),
(484, 'SV1_Admin', 'added a new amenity Sunnyvale 2-test', '2023-04-05 10:21:44'),
(485, 'SV1_Admin', 'added a new amenity Sunnyvale 1-test', '2023-04-05 10:22:09'),
(486, 'SV1_Admin', 'added a new amenity Sunnyvale 1-test', '2023-04-05 10:22:21'),
(487, 'SV1_Admin', 'added a new amenity Sunnyvale 1-test', '2023-04-05 10:25:51'),
(488, 'SV1_Admin', 'added a new amenity Sunnyvale 1-test', '2023-04-05 10:27:06'),
(489, 'SV1_Admin', 'added a new amenity Sunnyvale 1-test', '2023-04-05 10:27:47'),
(490, 'SV1_Admin', 'added a new amenity Sunnyvale 1-test', '2023-04-05 10:27:56'),
(491, 'SV1_Admin', 'added a new amenity Sunnyvale 1-test', '2023-04-05 10:28:59'),
(492, 'SV1_Admin', 'added a new amenity Sunnyvale 1-test', '2023-04-05 10:29:05'),
(493, 'SV1_Admin', 'added a new amenity Sunnyvale 1-test', '2023-04-05 10:32:14'),
(494, 'SV1_Admin', 'updated an exisiting amenity Sunnyvale 1-Swimming Pool', '2023-04-05 10:33:35'),
(495, 'SV1_Admin', 'updated an exisiting amenity Sunnyvale 1-Swimming Pool', '2023-04-05 10:33:41'),
(496, 'SV1_Admin', 'updated an exisiting amenity Sunnyvale 1-Clubhouse', '2023-04-05 10:34:31'),
(497, 'SV1_Admin', 'updated an exisiting amenity Sunnyvale 1-Clubhouse', '2023-04-05 10:34:40'),
(498, 'SV1_Admin', 'added a new amenity Sunnyvale 1-test1', '2023-04-05 10:34:55'),
(499, 'SV1_Admin', 'added a new amenity Sunnyvale 1-test2', '2023-04-05 10:35:48'),
(500, 'SV1_Admin', 'added a new amenity Sunnyvale 2-test', '2023-04-05 10:41:26'),
(501, 'SV1_Admin', 'added a new amenity Sunnyvale 1-test', '2023-04-05 10:44:28'),
(502, 'SV1_Admin', 'added a new amenity Sunnyvale 1-asd', '2023-04-05 10:44:37'),
(503, 'SV1_Admin', 'updated an exisiting amenity Sunnyvale 1-Courts', '2023-04-05 10:45:51'),
(504, 'SV1_Admin', 'updated an exisiting amenity Sunnyvale 1-Court', '2023-04-05 10:45:57'),
(505, 'SV1_Admin', 'added a new amenity Sunnyvale 1-test', '2023-04-05 11:16:56'),
(506, 'SV1_Admin', 'added a new amenity Sunnyvale 1-asd', '2023-04-05 11:26:30'),
(507, 'SV1_Admin', 'added a new amenity Sunnyvale 1-123', '2023-04-05 11:27:51'),
(508, 'SV1_Admin', 'logged out', '2023-04-06 09:58:53'),
(509, 'Mon Carlo Delima', 'logged in', '2023-04-06 09:58:56'),
(510, 'Mon Carlo Delima', 'logged out', '2023-04-06 10:00:36'),
(511, 'Jeune Paolus Flores', 'logged in', '2023-04-06 10:00:44'),
(512, 'Jeune Paolus Flores', 'logged out', '2023-04-06 10:01:02'),
(513, 'SV1_Admin', 'logged in', '2023-04-06 10:01:20'),
(514, 'SV1_Admin', 'logged out', '2023-04-06 10:01:27'),
(515, 'SV1_Admin', 'logged in', '2023-04-06 10:01:30'),
(516, 'SV1_Admin', 'logged out', '2023-04-06 10:03:33'),
(517, 'SV1_Secretary', 'logged in', '2023-04-06 10:03:38'),
(518, 'SV1_Secretary', 'logged out', '2023-04-06 10:04:45'),
(519, 'SV1_Secretary', 'logged in', '2023-04-06 10:04:53'),
(520, 'SV1_Secretary', 'logged out', '2023-04-06 10:06:55'),
(521, 'SV1_Admin', 'logged in', '2023-04-06 10:06:59'),
(522, 'SV1_Admin', 'logged out', '2023-04-06 10:08:27'),
(523, 'SV1_Secretary', 'logged in', '2023-04-06 10:08:31'),
(524, 'SV1_Secretary', 'logged out', '2023-04-06 10:09:34'),
(525, 'SV1_Treasurer', 'logged in', '2023-04-06 10:09:36'),
(526, 'SV1_Treasurer', 'logged out', '2023-04-06 10:10:32'),
(527, 'SV1_Secretary', 'logged in', '2023-04-06 10:10:35'),
(528, 'SV1_Secretary', 'logged out', '2023-04-06 10:10:41'),
(529, 'SV1_Admin', 'logged in', '2023-04-06 10:10:45'),
(530, 'SV1_Admin', 'logged out', '2023-04-06 10:11:18'),
(531, 'SV1_Secretary', 'logged in', '2023-04-06 10:11:20'),
(532, 'SV1_Secretary', 'logged out', '2023-04-06 10:12:09'),
(533, 'SV1_Secretary', 'logged in', '2023-04-06 10:12:12'),
(534, 'SV1_Secretary', 'logged out', '2023-04-06 10:22:12'),
(535, 'SV1_Admin', 'logged in', '2023-04-06 10:22:15'),
(536, 'SV1_Admin', 'logged out', '2023-04-06 10:22:34'),
(537, 'SV1_Secretary', 'logged in', '2023-04-06 10:22:38'),
(538, 'SV1_Secretary', 'logged out', '2023-04-06 10:24:07'),
(539, 'SV1_Admin', 'logged in', '2023-04-06 10:24:11'),
(540, 'SV1_Admin', 'logged out', '2023-04-06 10:27:39'),
(541, 'SV1_Admin', 'logged in', '2023-04-06 10:27:41'),
(542, 'SV1_Admin', 'logged out', '2023-04-06 10:31:33'),
(543, 'SV1_Admin', 'logged in', '2023-04-06 10:31:39'),
(544, 'SV1_Admin', 'logged out', '2023-04-06 10:31:54'),
(545, 'SV1_Secretary', 'logged in', '2023-04-06 10:31:59'),
(546, 'SV1_Secretary', 'logged out', '2023-04-06 10:32:01'),
(547, 'Kyle Andrei Casingal', 'logged in', '2023-04-06 10:32:42'),
(548, 'Kyle Andrei Casingal', 'logged out', '2023-04-06 10:33:06'),
(549, 'SV1_Admin', 'logged in', '2023-04-06 10:33:20'),
(550, 'SV1_Admin', 'logged out', '2023-04-06 10:33:52'),
(551, 'SV1_Admin', 'logged in', '2023-04-06 10:33:56'),
(552, 'SV1_Admin', 'logged out', '2023-04-06 10:45:07'),
(553, 'SV1_Admin', 'logged in', '2023-04-06 10:46:25'),
(554, 'SV1_Admin', 'logged out', '2023-04-06 10:51:03'),
(555, 'SV1_Admin', 'logged in', '2023-04-06 10:51:08'),
(556, 'SV1_Admin', 'logged out', '2023-04-06 10:51:10'),
(557, 'Mon Carlo Delima', 'logged in', '2023-04-06 10:51:12'),
(558, 'Mon Carlo Delima', 'logged out', '2023-04-06 10:52:45'),
(559, 'Mon Carlo Delima', 'logged in', '2023-04-06 10:52:48'),
(560, 'Mon Carlo Delima', 'submitted a concern', '2023-04-06 10:52:51'),
(561, 'Mon Carlo Delima', 'logged out', '2023-04-06 10:53:03'),
(562, 'SV1_Admin', 'logged in', '2023-04-06 10:53:06'),
(563, 'SV1_Admin', 'logged out', '2023-04-06 10:53:18'),
(564, 'SV1_Admin', 'logged in', '2023-04-06 10:53:21'),
(565, 'SV1_Admin', 'logged out', '2023-04-06 10:53:22'),
(566, 'Mon Carlo Delima', 'logged in', '2023-04-06 10:53:27'),
(567, 'Mon Carlo Delima', 'submitted a concern', '2023-04-06 10:54:16'),
(568, 'Mon Carlo Delima', 'logged out', '2023-04-06 11:00:35'),
(569, 'Mon Carlo Delima', 'logged in', '2023-04-06 11:04:00'),
(570, 'Mon Carlo Delima', 'logged in', '2023-04-06 14:00:15'),
(571, 'Mon Carlo Delima', 'logged out', '2023-04-06 14:06:53'),
(572, 'SV1_Treasurer', 'logged in', '2023-04-06 14:06:57'),
(573, 'SV1_Treasurer', 'logged out', '2023-04-06 14:07:51'),
(574, 'SV1_Treasurer', 'logged in', '2023-04-06 14:09:56'),
(575, 'SV1_Treasurer', 'logged out', '2023-04-06 14:11:24'),
(576, 'Mon Carlo Delima', 'logged in', '2023-04-06 14:11:28'),
(577, 'Mon Carlo Delima', 'logged out', '2023-04-06 14:21:49'),
(578, 'SV1_Admin', 'logged in', '2023-04-06 14:21:57'),
(579, 'SV1_Admin', 'logged out', '2023-04-06 14:26:51'),
(580, 'SV1_Admin', 'logged in', '2023-04-06 14:26:54'),
(581, 'SV1_Admin', 'logged out', '2023-04-06 14:30:27'),
(582, 'Mon Carlo Delima', 'logged in', '2023-04-06 14:30:30'),
(583, 'Mon Carlo Delima', 'logged in', '2023-04-06 15:19:28'),
(584, 'Mon Carlo Delima', 'submitted a concern', '2023-04-06 15:34:28'),
(585, 'Mon Carlo Delima', 'logged out', '2023-04-06 16:03:03'),
(586, 'Kyle Andrei Casingal', 'logged in', '2023-04-06 16:03:06'),
(587, 'Kyle Andrei Casingal', 'logged out', '2023-04-06 16:03:14'),
(588, 'SV1_Admin', 'logged in', '2023-04-06 16:03:17'),
(589, 'SV1_Admin', 'logged out', '2023-04-06 16:03:26'),
(590, 'Mon Carlo Delima', 'logged in', '2023-04-06 16:03:29'),
(591, 'Mon Carlo Delima', 'submitted a concern', '2023-04-06 16:03:47'),
(592, 'Mon Carlo Delima', 'submitted a concern', '2023-04-06 16:04:20'),
(593, 'Mon Carlo Delima', 'submitted a concern', '2023-04-06 16:04:50'),
(594, 'Mon Carlo Delima', 'submitted a concern', '2023-04-06 16:05:27'),
(595, 'Mon Carlo Delima', 'logged out', '2023-04-06 16:06:44'),
(596, 'SV1_Admin', 'logged in', '2023-04-06 17:31:45'),
(597, 'SV1_Admin', 'logged out', '2023-04-06 17:35:09'),
(598, 'SV1_Treasurer', 'logged in', '2023-04-06 17:35:12'),
(599, 'SV1_Treasurer', 'logged out', '2023-04-06 17:35:31'),
(600, 'SV1_Secretary', 'logged in', '2023-04-06 17:35:35'),
(601, 'SV1_Secretary', 'logged out', '2023-04-06 17:35:42'),
(602, 'SV1_Admin', 'logged in', '2023-04-06 17:35:46'),
(603, 'SV1_Admin', 'logged out', '2023-04-06 17:38:07'),
(604, 'SV1_Secretary', 'logged in', '2023-04-06 17:38:12'),
(605, 'SV1_Secretary', 'logged out', '2023-04-06 17:40:00'),
(606, 'SV1_Admin', 'logged in', '2023-04-06 17:40:03'),
(607, 'SV1_Admin', 'logged out', '2023-04-06 17:42:56'),
(608, 'SV1_Secretary', 'logged in', '2023-04-06 17:42:59'),
(609, 'SV1_Secretary', 'logged out', '2023-04-06 17:43:10'),
(610, 'SV1_Admin', 'logged in', '2023-04-06 17:43:13'),
(611, 'SV1_Admin', 'logged out', '2023-04-06 17:44:36'),
(612, 'SV1_Secretary', 'logged in', '2023-04-06 17:44:39'),
(613, 'SV1_Secretary', 'logged out', '2023-04-06 17:44:51'),
(614, 'SV1_Treasurer', 'logged in', '2023-04-06 17:44:53'),
(615, 'SV1_Treasurer', 'logged out', '2023-04-06 17:45:26'),
(616, 'SV1_Secretary', 'logged in', '2023-04-06 17:45:30'),
(617, 'SV1_Secretary', 'logged out', '2023-04-06 17:45:57'),
(618, 'SV1_Secretary', 'logged in', '2023-04-06 17:46:01'),
(619, 'SV1_Secretary', 'logged out', '2023-04-06 17:46:02'),
(620, 'SV1_Admin', 'logged in', '2023-04-06 17:46:05'),
(621, 'SV1_Admin', 'logged out', '2023-04-06 17:47:43'),
(622, 'SV1_Admin', 'logged in', '2023-04-06 17:48:47'),
(623, 'SV1_Admin', 'logged out', '2023-04-06 18:38:13'),
(624, 'SV1_Admin', 'logged in', '2023-04-06 18:48:42'),
(625, 'SV1_Admin', 'logged out', '2023-04-06 18:52:05'),
(626, 'SV1_Admin', 'logged in', '2023-04-06 18:52:54'),
(627, 'SV1_Admin', 'logged out', '2023-04-06 18:59:11'),
(628, 'SV1_Secretary', 'logged in', '2023-04-06 18:59:56'),
(629, 'SV1_Secretary', 'logged out', '2023-04-06 19:01:01'),
(630, 'SV1_Admin', 'logged in', '2023-04-06 19:01:04'),
(631, 'SV1_Admin', 'logged in', '2023-04-06 22:02:03'),
(632, 'SV1_Admin', 'logged out', '2023-04-06 22:05:25'),
(633, 'SV1_Admin', 'logged in', '2023-04-06 22:05:28'),
(634, 'SV1_Admin', 'logged out', '2023-04-06 22:11:16'),
(635, 'SV1_Admin', 'logged in', '2023-04-06 22:11:20'),
(636, 'SV1_Admin', 'logged out', '2023-04-06 22:47:30'),
(637, 'Mon Carlo Delima', 'logged in', '2023-04-06 22:47:33'),
(638, 'Mon Carlo Delima', 'logged out', '2023-04-06 22:47:49'),
(639, 'SV1_Admin', 'logged in', '2023-04-06 22:47:51'),
(640, 'SV1_Admin', 'logged out', '2023-04-06 23:10:35'),
(641, 'Mon Carlo Delima', 'logged in', '2023-04-06 23:10:38'),
(642, 'Mon Carlo Delima', 'logged out', '2023-04-06 23:11:41'),
(643, 'SV1_Admin', 'logged in', '2023-04-06 23:11:44'),
(644, 'SV1_Admin', 'logged out', '2023-04-06 23:16:33'),
(645, 'Mon Carlo Delima', 'logged in', '2023-04-06 23:16:37'),
(646, 'Mon Carlo Delima', 'logged out', '2023-04-06 23:27:22'),
(647, 'SV1_Admin', 'logged in', '2023-04-06 23:27:25'),
(648, 'SV1_Admin', 'logged out', '2023-04-06 23:30:08'),
(649, 'Mon Carlo Delima', 'logged in', '2023-04-06 23:30:11'),
(650, 'Mon Carlo Delima', 'submitted a concern', '2023-04-06 23:30:23'),
(651, 'Mon Carlo Delima', 'logged out', '2023-04-06 23:30:41'),
(652, 'SV1_Admin', 'logged in', '2023-04-06 23:30:46'),
(653, 'Mon Carlo Delima', 'logged in', '2023-04-06 23:33:18'),
(654, 'Mon Carlo Delima', 'submitted a concern', '2023-04-06 23:33:30'),
(655, 'SV1_Admin', 'logged out', '2023-04-06 23:37:32'),
(656, 'Mon Carlo Delima', 'logged in', '2023-04-06 23:37:36'),
(657, 'Mon Carlo Delima', 'logged out', '2023-04-06 23:40:49'),
(658, 'SV1_Admin', 'logged in', '2023-04-06 23:40:51'),
(659, 'SV1_Admin', 'logged out', '2023-04-06 23:40:56'),
(660, 'Mon Carlo Delima', 'logged in', '2023-04-06 23:40:59'),
(661, 'Mon Carlo Delima', 'logged out', '2023-04-06 23:42:33'),
(662, 'Janwel Castillo', 'logged in', '2023-04-06 23:43:43'),
(663, 'Janwel Castillo', 'submitted a concern', '2023-04-06 23:44:02'),
(664, 'Janwel Castillo', 'logged out', '2023-04-06 23:44:11'),
(665, 'Mon Carlo Delima', 'logged in', '2023-04-06 23:44:15'),
(666, 'Mon Carlo Delima', 'logged out', '2023-04-06 23:46:46'),
(667, 'SV1_Admin', 'logged in', '2023-04-06 23:46:49'),
(668, 'SV1_Admin', 'logged out', '2023-04-06 23:46:56'),
(669, 'Mon Carlo Delima', 'logged in', '2023-04-06 23:47:00'),
(670, 'Mon Carlo Delima', 'logged out', '2023-04-06 23:58:48'),
(671, 'Mon Carlo Delima', 'logged in', '2023-04-06 23:58:52'),
(672, 'Mon Carlo Delima', 'submitted a concern', '2023-04-06 23:59:18'),
(673, 'Mon Carlo Delima', 'logged out', '2023-04-07 00:00:16'),
(674, 'SV1_Admin', 'logged in', '2023-04-07 00:04:34'),
(675, 'SV1_Admin', 'logged in', '2023-04-07 09:43:45'),
(676, 'SV1_Admin', 'logged out', '2023-04-07 09:44:32'),
(677, 'Mon Carlo Delima', 'logged in', '2023-04-07 09:44:34'),
(678, 'Mon Carlo Delima', 'logged out', '2023-04-07 09:46:39'),
(679, 'SV1_Admin', 'logged in', '2023-04-07 09:46:42'),
(680, 'SV1_Admin', 'added a new system account Test-Admin', '2023-04-07 09:49:47'),
(681, 'SV1_Admin', 'logged out', '2023-04-07 09:59:20'),
(682, 'Mon Carlo Delima', 'logged in', '2023-04-07 09:59:23'),
(683, 'Mon Carlo Delima', 'logged out', '2023-04-07 09:59:28'),
(684, 'SV1_Admin', 'logged in', '2023-04-07 09:59:33'),
(685, 'SV1_Admin', 'logged in', '2023-04-07 10:20:46'),
(686, 'SV1_Admin', 'logged out', '2023-04-07 10:25:40'),
(687, 'SV1_Admin', 'logged in', '2023-04-07 10:25:43'),
(688, 'SV1_Admin', 'logged out', '2023-04-07 10:32:49'),
(689, 'Mon Carlo Delima', 'logged in', '2023-04-07 10:32:52'),
(690, 'Mon Carlo Delima', 'logged out', '2023-04-07 10:36:50'),
(691, 'SV1_Admin', 'logged in', '2023-04-07 10:36:53'),
(692, 'SV1_Admin', 'logged out', '2023-04-07 10:36:59'),
(693, 'Mon Carlo Delima', 'logged in', '2023-04-07 10:37:02'),
(694, 'Mon Carlo Delima', 'logged out', '2023-04-07 10:38:51'),
(695, 'SV1_Admin', 'logged in', '2023-04-07 10:38:53'),
(696, 'SV1_Admin', 'logged out', '2023-04-07 10:39:05'),
(697, 'Mon Carlo Delima', 'logged in', '2023-04-07 10:39:08'),
(698, 'Mon Carlo Delima', 'logged out', '2023-04-07 10:39:49'),
(699, 'SV1_Admin', 'logged in', '2023-04-07 10:39:54'),
(700, 'SV1_Admin', 'logged out', '2023-04-07 10:39:57'),
(701, 'Mon Carlo Delima', 'logged in', '2023-04-07 10:40:01'),
(702, ' Mon Carlo Delima', 'logged out', '2023-04-07 10:59:35'),
(703, 'SV1_Admin', 'logged in', '2023-04-07 10:59:38'),
(704, 'SV1_Admin', 'logged out', '2023-04-07 10:59:40'),
(705, ' Mon Carlo Delima', 'logged in', '2023-04-07 10:59:43'),
(706, ' Mon Carlo Delima', 'logged out', '2023-04-07 11:01:41'),
(707, 'Jeune Paolus Flores', 'logged in', '2023-04-07 11:01:44'),
(708, 'Jeune Paolus Flores', 'logged out', '2023-04-07 11:01:49'),
(709, ' Mon Carlo Delima', 'logged in', '2023-04-07 11:01:52'),
(710, ' Mon Carlo Delima', 'logged out', '2023-04-07 11:03:08'),
(711, 'Jeune Paolus Flores', 'logged in', '2023-04-07 11:03:12'),
(712, 'Jeune Paolus Flores', 'logged out', '2023-04-07 11:03:39'),
(713, ' Mon Carlo Delima', 'logged in', '2023-04-07 11:03:42'),
(714, 'Mon Carlo Delima', 'logged out', '2023-04-07 11:10:16'),
(715, 'SV1_Admin', 'logged in', '2023-04-07 11:10:18'),
(716, 'SV1_Admin', 'logged out', '2023-04-07 11:10:44'),
(717, 'Mon Carlo Delima', 'logged in', '2023-04-07 11:10:47'),
(718, 'Mon Carlo Delima', 'logged out', '2023-04-07 11:11:36'),
(719, 'SV1_Admin', 'logged in', '2023-04-07 11:11:39'),
(720, 'SV1_Admin', 'logged in', '2023-04-07 13:54:39'),
(721, 'SV1_Admin', 'logged out', '2023-04-07 13:58:16'),
(722, 'SV1_Treasurer', 'logged in', '2023-04-07 13:58:18'),
(723, 'SV1_Treasurer', 'logged out', '2023-04-07 13:58:45'),
(724, 'SV1_Admin', 'logged in', '2023-04-07 13:58:54'),
(725, 'SV1_Admin', 'added a new amenity Sunnyvale 2-test2', '2023-04-07 14:05:46'),
(726, 'SV1_Admin', 'updated an exisiting amenity 2-Court', '2023-04-07 14:19:24'),
(727, 'SV1_Admin', 'updated an exisiting amenity 2-Court', '2023-04-07 14:19:31'),
(728, 'SV1_Admin', 'updated an exisiting amenity 2-Court', '2023-04-07 14:19:39'),
(729, 'SV1_Admin', 'updated an exisiting amenity 2-Court', '2023-04-07 14:20:00'),
(730, 'SV1_Admin', 'updated an exisiting amenity 2-Court', '2023-04-07 14:20:06'),
(731, 'SV1_Admin', 'updated an exisiting amenity 1-Court', '2023-04-07 14:20:29'),
(732, 'SV1_Admin', 'updated an exisiting amenity Sunnyvale 2-Court', '2023-04-07 14:27:12'),
(733, 'SV1_Admin', 'updated an exisiting amenity -Court', '2023-04-07 14:33:06'),
(734, 'SV1_Admin', 'updated an exisiting amenity -Court', '2023-04-07 14:33:28'),
(735, 'SV1_Admin', 'updated an exisiting amenity -Multi-purpose Hall', '2023-04-07 14:34:02'),
(736, 'SV1_Admin', 'updated an exisiting amenity Sunnyvale 1-Court', '2023-04-07 14:35:05'),
(737, 'SV1_Admin', 'updated an exisiting amenity Sunnyvale 2-Multi-purpose Hall', '2023-04-07 14:35:08'),
(738, 'SV1_Admin', 'updated an exisiting amenity Sunnyvale 2-Court', '2023-04-07 14:35:17'),
(739, 'SV1_Admin', 'updated an exisiting amenity Sunnyvale 1-Court', '2023-04-07 14:35:58'),
(740, 'SV1_Admin', 'added a new amenity -test4', '2023-04-07 14:36:19'),
(741, 'SV1_Admin', 'added a new amenity -test4', '2023-04-07 14:36:56'),
(742, 'SV1_Admin', 'added a new amenity -test4', '2023-04-07 14:37:16'),
(743, 'SV1_Admin', 'added a new amenity Sunnyvale 4-test4', '2023-04-07 14:37:44'),
(744, 'SV1_Admin', 'added a new amenity Sunnyvale 4-test123', '2023-04-07 14:38:18'),
(745, 'SV1_Admin', 'updated an exisiting amenity Sunnyvale 4-test12345', '2023-04-07 14:38:42'),
(746, 'SV1_Admin', 'added a new amenity Sunnyvale 3-test again', '2023-04-07 14:39:03'),
(747, 'SV1_Admin', 'updated an exisiting amenity Sunnyvale 3-Clubhouse', '2023-04-07 14:39:36'),
(748, 'SV1_Admin', 'added a new amenity Sunnyvale 2-Court', '2023-04-07 14:40:15'),
(749, 'SV1_Admin', 'updated an exisiting amenity -', '2023-04-07 14:54:02'),
(750, 'SV1_Admin', 'updated an exisiting amenity -', '2023-04-07 14:54:12'),
(751, 'SV1_Admin', 'updated an existing monthly due Sunnyvale 2-280.00', '2023-04-07 15:00:31'),
(752, 'SV1_Admin', 'logged out', '2023-04-07 15:05:14'),
(753, 'Mon Carlo Delima', 'logged in', '2023-04-07 15:05:17'),
(754, 'Mon Carlo Delima', 'logged out', '2023-04-07 15:05:36'),
(755, 'SV1_Admin', 'logged in', '2023-04-07 15:05:38'),
(756, 'SV1_Admin', 'logged out', '2023-04-07 15:07:08'),
(757, 'Mon Carlo Delima', 'logged in', '2023-04-07 15:07:11'),
(758, 'Mon Carlo Delima', 'logged out', '2023-04-07 15:07:35'),
(759, 'SV1_Admin', 'logged in', '2023-04-07 15:07:38'),
(760, 'SV1_Admin', 'added a new amenity Sunnyvale 4-Court', '2023-04-07 15:08:22'),
(761, 'SV1_Admin', 'logged out', '2023-04-07 15:13:49'),
(762, 'Mon Carlo Delima', 'logged in', '2023-04-07 15:13:54'),
(763, 'Mon Carlo Delima', 'logged out', '2023-04-07 15:14:46'),
(764, 'SV1_Admin', 'logged in', '2023-04-07 15:14:48'),
(765, 'SV1_Treasurer', 'logged in', '2023-04-07 19:43:08'),
(766, 'SV1_Treasurer', 'logged out', '2023-04-07 19:43:35'),
(767, 'SV1_Secretary', 'logged in', '2023-04-07 19:43:38'),
(768, 'SV1_Secretary', 'logged out', '2023-04-07 19:43:44'),
(769, 'SV1_Treasurer', 'logged in', '2023-04-07 19:43:46'),
(770, 'SV1_Treasurer', 'logged out', '2023-04-07 19:49:20'),
(771, 'SV1_Admin', 'logged in', '2023-04-07 19:49:24'),
(772, 'SV1_Admin', 'logged out', '2023-04-07 19:49:27'),
(773, 'SV1_Treasurer', 'logged in', '2023-04-07 19:49:32'),
(774, 'SV1_Admin', 'logged in', '2023-04-07 20:10:49'),
(775, 'SV1_Treasurer', 'logged out', '2023-04-07 21:16:13'),
(776, 'SV1_Treasurer', 'logged in', '2023-04-07 21:16:18'),
(777, 'SV1_Treasurer', 'logged out', '2023-04-07 21:40:59'),
(778, 'SV1_Treasurer', 'logged in', '2023-04-07 21:41:02'),
(779, 'SV1_Treasurer', 'logged out', '2023-04-07 22:20:03'),
(780, 'SV1_Admin', 'logged in', '2023-04-07 22:20:07'),
(781, 'SV1_Admin', 'logged out', '2023-04-07 22:20:24'),
(782, 'SV1_Treasurer', 'logged in', '2023-04-07 22:20:30'),
(783, 'SV1_Treasurer', 'logged out', '2023-04-07 22:54:40'),
(784, 'Mon Carlo Delima', 'logged in', '2023-04-07 22:54:42'),
(785, 'Mon Carlo Delima', 'logged out', '2023-04-07 22:55:26'),
(786, 'SV1_Treasurer', 'logged in', '2023-04-07 22:55:30'),
(787, 'SV1_Treasurer', 'logged out', '2023-04-07 23:21:59'),
(788, 'SV1_Treasurer', 'logged in', '2023-04-08 10:19:51'),
(789, 'SV1_Treasurer', 'logged out', '2023-04-08 10:33:07'),
(790, 'SV1_Admin', 'logged in', '2023-04-08 10:33:12'),
(791, 'SV1_Admin', 'logged out', '2023-04-08 10:33:52'),
(792, 'SV1_Treasurer', 'logged in', '2023-04-08 10:33:55'),
(793, 'SV1_Treasurer', 'logged out', '2023-04-08 10:34:44'),
(794, 'SV1_Admin', 'logged in', '2023-04-08 10:34:48'),
(795, 'SV1_Admin', 'logged out', '2023-04-08 10:48:31'),
(796, 'SV1_Treasurer', 'logged in', '2023-04-08 10:48:34'),
(797, 'SV1_Treasurer', 'logged out', '2023-04-08 10:50:37'),
(798, 'SV1_Admin', 'logged in', '2023-04-08 10:50:46'),
(799, 'SV1_Admin', 'logged out', '2023-04-08 12:09:33'),
(800, 'SV1_Admin', 'logged in', '2023-04-08 12:09:35'),
(801, 'SV1_Admin', 'logged out', '2023-04-08 12:09:48'),
(802, 'SV1_Treasurer', 'logged in', '2023-04-08 12:09:55'),
(803, 'SV1_Treasurer', 'logged out', '2023-04-08 12:10:03'),
(804, 'SV1_Admin', 'logged in', '2023-04-08 12:10:08'),
(805, 'SV1_Admin', 'logged out', '2023-04-08 12:10:55'),
(806, 'SV1_Admin', 'logged in', '2023-04-08 12:11:04'),
(807, 'SV1_Admin', 'logged out', '2023-04-08 12:11:46'),
(808, 'SV1_Admin', 'logged in', '2023-04-08 12:11:53'),
(809, 'SV1_Admin', 'logged out', '2023-04-08 12:12:12'),
(810, 'Kyle Andrei Casingal', 'logged in', '2023-04-08 12:12:16'),
(811, 'Mon Carlo Delima', 'logged in', '2023-04-08 12:17:07'),
(812, 'Kyle Andrei Casingal', 'submitted a concern', '2023-04-08 12:30:20'),
(813, 'Kyle Andrei Casingal', 'logged out', '2023-04-08 12:32:50'),
(814, 'Mon Carlo Delima', 'logged in', '2023-04-08 12:32:53'),
(815, 'Mon Carlo Delima', 'logged out', '2023-04-08 12:48:32'),
(816, 'SV1_Admin', 'logged in', '2023-04-08 12:48:35'),
(817, 'SV1_Admin', 'logged out', '2023-04-08 12:48:43'),
(818, 'SV1_Treasurer', 'logged in', '2023-04-08 12:48:46'),
(819, 'SV1_Treasurer', 'logged in', '2023-04-08 18:00:37');
INSERT INTO `audit_trail` (`audit_id`, `user`, `action`, `datetime`) VALUES
(820, 'SV1_Treasurer', 'logged out', '2023-04-08 18:01:29'),
(821, 'Mon Carlo Delima', 'logged in', '2023-04-08 18:01:32'),
(822, 'Mon Carlo Delima', 'logged out', '2023-04-08 18:02:31'),
(823, 'SV1_Admin', 'logged in', '2023-04-08 18:02:42'),
(824, 'SV1_Admin', 'updated an existing system account John Does-Treasurer', '2023-04-08 18:03:13'),
(825, 'SV1_Admin', 'updated an existing system account John Does-Treasurer', '2023-04-08 18:03:24'),
(826, 'SV1_Admin', 'updated an existing system account John Doe-Treasurer', '2023-04-08 18:04:03'),
(827, 'SV1_Admin', 'updated an existing system account John Doe-Treasurer', '2023-04-08 18:04:08'),
(828, 'SV1_Admin', 'updated an existing system account John Doe-Treasurer', '2023-04-08 18:04:46'),
(829, 'SV1_Admin', 'updated an existing system account John Doe-Treasurer', '2023-04-08 18:04:50'),
(830, 'SV1_Admin', 'updated an existing system account SV1_Admins-Admin', '2023-04-08 18:05:55'),
(831, 'SV1_Admin', 'updated an existing system account SV1_Admin-Admin', '2023-04-08 18:06:01'),
(832, 'SV1_Admin', 'updated an existing system account SV1_Admin-Admin', '2023-04-08 18:06:04'),
(833, 'SV1_Admin', 'updated an existing system account John Does-Treasurer', '2023-04-08 18:07:51'),
(834, 'SV1_Admin', 'updated an existing system account John Does-Treasurer', '2023-04-08 18:07:56'),
(835, 'SV1_Admin', 'updated an existing system account -Treasurer', '2023-04-08 18:19:10'),
(836, 'SV1_Admin', 'logged out', '2023-04-08 18:19:17'),
(837, 'John Does', 'logged in', '2023-04-08 18:21:06'),
(838, 'John Does', 'logged out', '2023-04-08 18:22:32'),
(839, 'SV1_Admin', 'logged in', '2023-04-08 18:22:39'),
(840, 'SV1_Admin', 'updated an existing system account -Treasurer', '2023-04-08 18:22:48'),
(841, 'SV1_Admin', 'logged out', '2023-04-08 18:22:54'),
(842, 'John Doe', 'logged in', '2023-04-08 18:23:01'),
(843, 'John Doe', 'logged out', '2023-04-08 18:23:36'),
(844, 'SV1_Admin', 'logged in', '2023-04-08 18:23:40'),
(845, 'SV1_Admin', 'updated an existing system account -Treasurer', '2023-04-08 18:23:45'),
(846, 'SV1_Admin', 'logged out', '2023-04-08 18:23:46'),
(847, 'John Does', 'logged in', '2023-04-08 18:23:53'),
(848, 'John Does', 'logged out', '2023-04-08 18:23:57'),
(849, 'SV1_Admin', 'logged in', '2023-04-08 18:24:25'),
(850, 'SV1_Admin', 'added a new system account SV2_Admin-Admin', '2023-04-08 18:24:38'),
(851, 'SV1_Admin', 'updated an existing system account -Admin', '2023-04-08 18:25:03'),
(852, 'SV1_Admin', 'updated an existing system account -Admin', '2023-04-08 18:30:37'),
(853, 'SV1_Admin', 'updated an existing system account -Admin', '2023-04-08 18:30:40'),
(854, 'SV1_Admin', 'updated an existing system account -Admin', '2023-04-08 18:31:17'),
(855, 'SV1_Admin', 'logged out', '2023-04-08 18:31:43'),
(856, 'SV2_Admins123', 'logged in', '2023-04-08 18:31:50'),
(857, 'SV2_Admins123', 'logged out', '2023-04-08 18:31:53'),
(858, 'SV1_Admin', 'logged in', '2023-04-08 18:31:58'),
(859, 'SV1_Admin', 'updated an existing system account -Admin', '2023-04-08 18:32:04'),
(860, 'SV1_Admin', 'logged out', '2023-04-08 18:32:08'),
(861, 'SV1_Admin', 'logged in', '2023-04-08 18:36:45'),
(862, 'SV1_Admin', 'updated an existing system account -Admin', '2023-04-08 18:37:01'),
(863, 'SV1_Admin', 'updated an existing system account -Admin', '2023-04-08 18:37:23'),
(864, 'SV1_Admin', 'logged out', '2023-04-08 18:37:25'),
(865, 'SV1_Admin', 'logged in', '2023-04-09 07:24:32'),
(866, 'SV1_Admin', 'logged out', '2023-04-09 07:28:27'),
(867, 'Mon Carlo Delima', 'logged in', '2023-04-09 07:28:35'),
(868, 'Mon Carlo Delima', 'logged out', '2023-04-09 07:34:22'),
(869, 'SV1_Admin', 'logged in', '2023-04-09 07:34:25'),
(870, 'SV1_Admin', 'added homeowner test test', '2023-04-09 07:43:18'),
(871, 'SV1_Admin', 'added homeowner test test', '2023-04-09 07:54:42'),
(872, 'SV1_Admin', 'added homeowner a a', '2023-04-09 07:56:21'),
(873, 'SV1_Admin', 'added homeowner b b', '2023-04-09 07:56:49'),
(874, 'SV1_Admin', 'added homeowner b b', '2023-04-09 07:58:13'),
(875, 'SV1_Admin', 'added homeowner b b', '2023-04-09 08:02:09'),
(876, 'SV1_Admin', 'added homeowner c c', '2023-04-09 08:02:34'),
(877, 'Mon Carlo Delima', 'updated homeowner Mon Carlo Delima', '2023-04-09 08:07:53'),
(878, 'Mon Carlo Delima', 'updated homeowner Mon Carlo Delima', '2023-04-09 08:08:13'),
(879, 'Mon Carlo Delima', 'updated homeowner Mon Carlo Delima', '2023-04-09 08:08:56'),
(880, 'Mon Carl Delima', 'updated homeowner Mon Carl Delima', '2023-04-09 08:09:25'),
(881, 'Mon Carlo Delima', 'updated homeowner Mon Carlo Delima', '2023-04-09 08:10:29'),
(882, 'Mon Carlo Delima', 'updated homeowner Mon Carlo Delima', '2023-04-09 08:11:43'),
(883, 'Mon Carlo Delima', 'updated homeowner Mon Carlo Delima', '2023-04-09 08:13:00'),
(884, 'Mon Carlo Delima', 'updated homeowner Mon Carlo Delima', '2023-04-09 08:13:41'),
(885, 'Mon Carlo Delima', 'updated homeowner Mon Carlo Delima', '2023-04-09 08:15:18'),
(886, 'Mon Carlo Delima', 'updated homeowner Mon Carlo Delima', '2023-04-09 08:16:00'),
(887, 'Mon Carlo Delima', 'logged out', '2023-04-09 08:17:08'),
(888, 'Mon Carlo Delima', 'logged in', '2023-04-09 08:17:13'),
(889, 'Mon Carlo Delima', 'logged out', '2023-04-09 08:17:27'),
(890, 'SV1_Admin', 'logged in', '2023-04-09 08:19:03'),
(891, 'SV1_Admin', 'logged out', '2023-04-09 08:19:05'),
(892, 'Mon Carlo Delima', 'logged in', '2023-04-09 08:19:07'),
(893, 'Mon Carlo Delima', 'logged out', '2023-04-09 08:19:12'),
(894, 'SV1_Admin', 'logged in', '2023-04-09 08:19:13'),
(895, 'SV1_Admin', 'updated homeowner Mon Carlo Delima', '2023-04-09 08:22:52'),
(896, 'SV1_Admin', 'updated homeowner Mon Carlo Delima', '2023-04-09 08:23:15'),
(897, 'SV1_Admin', 'logged out', '2023-04-09 08:23:57'),
(898, 'SV1_Admin', 'logged in', '2023-04-09 08:23:59'),
(899, 'SV1_Admin', 'added a new system account SV3_Admin-Admin', '2023-04-09 08:24:14'),
(900, 'SV1_Admin', 'logged out', '2023-04-09 08:24:29'),
(901, 'SV3_Admin', 'logged in', '2023-04-09 08:24:36'),
(902, 'SV3_Admin', 'logged out', '2023-04-09 08:24:39'),
(903, 'SV1_Admin', 'logged in', '2023-04-09 08:24:45'),
(904, 'SV1_Admin', 'updated an existing system account -Admin', '2023-04-09 08:24:53'),
(905, 'SV1_Admin', 'updated an existing system account -Admin', '2023-04-09 08:25:02'),
(906, 'SV1_Admin', 'logged out', '2023-04-09 08:25:04'),
(907, 'SV1_Admin', 'logged in', '2023-04-09 08:28:39'),
(908, 'SV1_Admin', 'logged out', '2023-04-09 08:28:44'),
(909, 'Mon Carlo Delima', 'logged in', '2023-04-09 08:28:47'),
(910, 'Mon Carlo Delima', 'logged out', '2023-04-09 08:28:57'),
(911, 'SV1_Admin', 'logged in', '2023-04-09 08:29:00'),
(912, 'SV1_Admin', 'logged out', '2023-04-09 08:31:00'),
(913, 'SV1_Admin', 'logged in', '2023-04-09 08:31:02'),
(914, 'SV1_Admin', 'logged out', '2023-04-09 08:31:06'),
(915, 'Mon Carlo Delima', 'logged in', '2023-04-09 08:31:08'),
(916, 'Mon Carlo Delima', 'logged out', '2023-04-09 08:31:31'),
(917, 'Mon Carlo Delima', 'logged in', '2023-04-09 10:17:11'),
(918, 'Mon Carlo Delima', 'logged out', '2023-04-09 10:17:16'),
(919, 'SV1_Admin', 'logged in', '2023-04-09 10:17:24'),
(920, 'SV1_Admin', 'added a new system account SV1_Guard-Guard', '2023-04-09 10:19:10'),
(921, 'SV1_Admin', 'logged out', '2023-04-09 10:20:57'),
(922, 'SV1_Guard', 'logged in', '2023-04-09 10:21:03'),
(923, 'SV1_Guard', 'logged out', '2023-04-09 10:29:17'),
(924, 'SV1_Guard', 'logged in', '2023-04-09 10:29:28'),
(925, 'SV1_Guard', 'logged out', '2023-04-09 10:32:21'),
(926, 'SV1_Guard', 'logged in', '2023-04-09 10:32:35'),
(927, 'SV1_Guard', 'logged out', '2023-04-09 10:32:49'),
(928, 'SV1_Guard', 'logged in', '2023-04-09 10:32:51'),
(929, 'SV1_Guard', 'logged out', '2023-04-09 10:33:21'),
(930, 'SV1_Guard', 'logged in', '2023-04-09 10:33:23'),
(931, 'SV1_Guard', 'logged out', '2023-04-09 10:33:38'),
(932, 'SV1_Guard', 'logged in', '2023-04-09 10:33:40'),
(933, 'SV1_Guard', 'logged out', '2023-04-09 10:36:39'),
(934, 'Mon Carlo Delima', 'logged in', '2023-04-09 10:36:42'),
(935, 'Mon Carlo Delima', 'logged out', '2023-04-09 10:36:44'),
(936, 'SV1_Guard', 'logged in', '2023-04-09 10:36:47'),
(937, 'SV1_Guard', 'logged out', '2023-04-09 10:39:38'),
(938, 'SV1_Guard', 'logged in', '2023-04-09 10:39:40'),
(939, 'SV1_Guard', 'logged out', '2023-04-09 10:40:54'),
(940, 'SV1_Guard', 'logged in', '2023-04-09 10:40:59'),
(941, 'SV1_Guard', 'logged out', '2023-04-09 10:52:31'),
(942, 'SV1_Guard', 'logged in', '2023-04-09 10:52:33'),
(943, 'SV1_Guard', 'logged out', '2023-04-09 10:52:45'),
(944, 'SV1_Guard', 'logged in', '2023-04-09 10:53:07'),
(945, 'SV1_Guard', 'logged out', '2023-04-09 10:57:43'),
(946, 'SV1_Guard', 'logged in', '2023-04-09 10:57:57'),
(947, 'SV1_Guard', 'logged out', '2023-04-09 11:01:50'),
(948, 'Mon Carlo Delima', 'logged in', '2023-04-09 11:01:53'),
(949, 'Mon Carlo Delima', 'logged out', '2023-04-09 11:03:09'),
(950, 'Mon Carlo Delima', 'logged in', '2023-04-09 11:03:12'),
(951, 'Mon Carlo Delima', 'logged out', '2023-04-09 11:03:30'),
(952, 'Mon Carlo Delima', 'logged in', '2023-04-09 11:03:33'),
(953, 'Mon Carlo Delima', 'logged out', '2023-04-09 11:03:50'),
(954, 'SV1_Guard', 'logged in', '2023-04-09 11:03:52'),
(955, 'SV1_Guard', 'logged out', '2023-04-09 11:05:07'),
(956, 'SV1_Admin', 'logged in', '2023-04-09 11:05:10'),
(957, 'SV1_Admin', 'logged out', '2023-04-09 11:06:08'),
(958, 'SV1_Guard', 'logged in', '2023-04-09 11:06:11'),
(959, 'SV1_Guard', 'logged in', '2023-04-09 11:08:52'),
(960, 'SV1_Guard', 'logged in', '2023-04-09 11:08:56'),
(961, 'SV1_Guard', 'logged in', '2023-04-09 11:09:06'),
(962, 'SV1_Guard', 'logged in', '2023-04-09 11:09:16'),
(963, 'SV1_Guard', 'logged in', '2023-04-09 11:09:23'),
(964, 'SV1_Guard', 'logged out', '2023-04-09 11:10:06'),
(965, 'SV1_Guard', 'logged in', '2023-04-09 11:10:09'),
(966, 'SV1_Guard', 'logged out', '2023-04-09 11:11:56'),
(967, 'SV1_Admin', 'logged in', '2023-04-09 11:12:00'),
(968, 'SV1_Admin', 'logged out', '2023-04-09 11:12:20'),
(969, 'SV1_Guard', 'logged in', '2023-04-09 11:12:24'),
(970, 'SV1_Guard', 'logged out', '2023-04-09 11:14:42'),
(971, 'SV1_Admin', 'logged in', '2023-04-09 11:14:46'),
(972, 'SV1_Admin', 'logged out', '2023-04-09 11:15:06'),
(973, 'Mon Carlo Delima', 'logged in', '2023-04-09 11:15:09'),
(974, 'Mon Carlo Delima', 'logged out', '2023-04-09 11:15:20'),
(975, 'SV1_Admin', 'logged in', '2023-04-09 11:15:23'),
(976, 'SV1_Admin', 'logged out', '2023-04-09 11:22:14'),
(977, 'Mon Carlo Delima', 'logged in', '2023-04-09 11:22:18'),
(978, 'Mon Carlo Delima', 'logged out', '2023-04-09 11:25:21'),
(979, 'SV1_Guard', 'logged in', '2023-04-09 11:25:24'),
(980, 'SV1_Guard', 'logged out', '2023-04-09 11:29:52'),
(981, 'SV1_Guard', 'logged in', '2023-04-09 11:30:00'),
(982, 'SV1_Guard', 'logged out', '2023-04-09 11:30:11'),
(983, 'SV1_Guard', 'logged in', '2023-04-09 11:30:19'),
(984, 'SV1_Guard', 'logged out', '2023-04-09 11:33:18'),
(985, 'SV1_Admin', 'logged in', '2023-04-09 11:33:20'),
(986, 'SV1_Admin', 'logged out', '2023-04-09 11:33:46'),
(987, 'SV1_Admin', 'logged in', '2023-04-09 11:33:48'),
(988, 'SV1_Admin', 'logged out', '2023-04-09 11:36:04'),
(989, 'SV1_Admin', 'logged in', '2023-04-09 11:36:07'),
(990, 'SV1_Admin', 'logged out', '2023-04-09 11:37:00'),
(991, 'SV1_Admin', 'logged in', '2023-04-09 11:37:02'),
(992, 'SV1_Admin', 'logged out', '2023-04-09 11:40:22'),
(993, 'SV1_Secretary', 'logged in', '2023-04-09 11:40:25'),
(994, 'SV1_Secretary', 'logged out', '2023-04-09 11:41:00'),
(995, 'SV1_Guard', 'logged in', '2023-04-09 11:41:06'),
(996, 'SV1_Guard', 'logged out', '2023-04-09 11:41:12'),
(997, 'SV1_Admin', 'logged in', '2023-04-09 11:41:15'),
(998, 'SV1_Admin', 'logged out', '2023-04-09 11:42:01'),
(999, 'SV1_Admin', 'logged in', '2023-04-09 11:42:03'),
(1000, 'SV1_Admin', 'logged out', '2023-04-09 11:44:53'),
(1001, 'SV1_Secretary', 'logged in', '2023-04-09 11:44:57'),
(1002, 'SV1_Secretary', 'logged out', '2023-04-09 11:45:44'),
(1003, 'SV1_Guard', 'logged in', '2023-04-09 11:45:46'),
(1004, 'SV1_Guard', 'logged out', '2023-04-09 11:49:56'),
(1005, 'SV1_Treasurer', 'logged in', '2023-04-09 11:50:24'),
(1006, 'SV1_Treasurer', 'logged out', '2023-04-09 11:51:46'),
(1007, 'SV1_Admin', 'logged in', '2023-04-09 11:51:49'),
(1008, 'SV1_Admin', 'logged out', '2023-04-09 11:52:05'),
(1009, 'Mon Carlo Delima', 'logged in', '2023-04-09 11:52:08'),
(1010, 'Mon Carlo Delima', 'logged out', '2023-04-09 12:09:57'),
(1011, 'SV1_Admin', 'logged in', '2023-04-09 12:10:00'),
(1012, 'SV1_Admin', 'logged out', '2023-04-09 12:11:04'),
(1013, 'SV1_Admin', 'logged in', '2023-04-09 12:11:07'),
(1014, 'SV1_Admin', 'logged out', '2023-04-09 12:11:20'),
(1015, 'SV1_Admin', 'logged in', '2023-04-09 12:23:15'),
(1016, 'SV1_Admin', 'logged out', '2023-04-09 12:23:21'),
(1017, 'SV1_Guard', 'logged in', '2023-04-09 12:23:23'),
(1018, 'SV1_Guard', 'logged out', '2023-04-09 12:24:21'),
(1019, 'SV1_Guard', 'logged in', '2023-04-09 12:24:25'),
(1020, 'SV1_Guard', 'logged out', '2023-04-09 13:14:16'),
(1021, 'Mon Carlo Delima', 'logged in', '2023-04-09 13:23:57'),
(1022, 'Mon Carlo Delima', 'logged out', '2023-04-09 13:25:32'),
(1023, 'SV1_Treasurer', 'logged in', '2023-04-09 13:25:38'),
(1024, 'SV1_Treasurer', 'logged out', '2023-04-09 13:52:50'),
(1025, 'SV1_Guard', 'logged in', '2023-04-09 13:52:53'),
(1026, 'SV1_Guard', 'logged out', '2023-04-09 14:25:16'),
(1027, 'SV1_Admin', 'logged in', '2023-04-09 14:25:20'),
(1028, 'SV1_Admin', 'logged out', '2023-04-09 14:28:35'),
(1029, 'SV1_Admin', 'logged in', '2023-04-09 14:28:44'),
(1030, 'SV1_Admin', 'logged out', '2023-04-09 14:29:28'),
(1031, 'SV1_Treasurer', 'logged in', '2023-04-09 14:29:33'),
(1032, 'SV1_Treasurer', 'logged out', '2023-04-09 14:30:45'),
(1033, 'SV1_Admin', 'logged in', '2023-04-09 14:30:48'),
(1034, 'SV1_Admin', 'logged out', '2023-04-09 14:33:37'),
(1035, 'SV1_Admin', 'logged in', '2023-04-09 14:33:39'),
(1036, 'SV1_Admin', 'logged out', '2023-04-09 14:53:39'),
(1037, 'SV1_Admin', 'logged in', '2023-04-09 14:53:42'),
(1038, 'SV1_Admin', 'logged out', '2023-04-09 14:59:34'),
(1039, 'SV1_Admin', 'logged in', '2023-04-09 14:59:37'),
(1040, 'SV1_Admin', 'logged out', '2023-04-09 15:00:01'),
(1041, 'SV1_Admin', 'logged in', '2023-04-09 15:00:03'),
(1042, 'SV1_Admin', 'logged out', '2023-04-09 15:07:21'),
(1043, 'SV1_Treasurer', 'logged in', '2023-04-09 15:07:24'),
(1044, 'SV1_Treasurer', 'logged out', '2023-04-09 15:14:00'),
(1045, 'SV1_Secretary', 'logged in', '2023-04-09 15:14:02'),
(1046, 'SV1_Secretary', 'logged out', '2023-04-09 15:19:15'),
(1047, 'SV1_Admin', 'logged in', '2023-04-09 15:19:18'),
(1048, 'SV1_Admin', 'logged out', '2023-04-09 15:20:13'),
(1049, 'SV1_Admin', 'logged in', '2023-04-09 15:20:15'),
(1050, 'SV1_Admin', 'logged out', '2023-04-09 15:20:29'),
(1051, 'SV1_Treasurer', 'logged in', '2023-04-09 15:20:32'),
(1052, 'SV1_Treasurer', 'logged out', '2023-04-09 15:28:08'),
(1053, 'SV1_Admin', 'logged in', '2023-04-09 15:28:11'),
(1054, 'SV1_Admin', 'logged out', '2023-04-09 15:29:54'),
(1055, 'SV1_Secretary', 'logged in', '2023-04-09 15:30:03'),
(1056, 'SV1_Secretary', 'logged out', '2023-04-09 15:30:11'),
(1057, 'SV1_Admin', 'logged in', '2023-04-09 15:31:02'),
(1058, 'SV1_Admin', 'logged out', '2023-04-09 15:42:56'),
(1059, 'Mon Carlo Delima', 'logged in', '2023-04-09 15:43:00'),
(1060, 'Mon Carlo Delima', 'logged out', '2023-04-09 15:46:19'),
(1061, 'SV1_Treasurer', 'logged in', '2023-04-09 15:46:22'),
(1062, 'SV1_Treasurer', 'logged out', '2023-04-09 15:46:54'),
(1063, 'Mon Carlo Delima', 'logged in', '2023-04-09 15:46:56'),
(1064, 'Mon Carlo Delima', 'logged out', '2023-04-09 15:50:32'),
(1065, 'SV1_Treasurer', 'logged in', '2023-04-09 15:50:35'),
(1066, 'SV1_Treasurer', 'logged out', '2023-04-09 15:52:30'),
(1067, 'Mon Carlo Delima', 'logged in', '2023-04-09 15:52:33'),
(1068, 'Mon Carlo Delima', 'logged out', '2023-04-09 15:52:47'),
(1069, 'SV1_Admin', 'logged in', '2023-04-09 15:52:49'),
(1070, 'SV1_Admin', 'logged out', '2023-04-09 15:54:10'),
(1071, 'SV1_Secretary', 'logged in', '2023-04-09 15:54:13'),
(1072, 'SV1_Secretary', 'logged out', '2023-04-09 15:54:30'),
(1073, 'SV1_Secretary', 'logged in', '2023-04-09 15:54:36'),
(1074, 'SV1_Secretary', 'logged out', '2023-04-09 15:55:39'),
(1075, 'Mon Carlo Delima', 'logged in', '2023-04-09 15:56:01'),
(1076, 'Mon Carlo Delima', 'logged out', '2023-04-09 16:02:20'),
(1077, 'SV1_Admin', 'logged in', '2023-04-09 16:02:23'),
(1078, 'SV1_Admin', 'logged out', '2023-04-09 16:02:40'),
(1079, 'SV1_Treasurer', 'logged in', '2023-04-09 16:02:45'),
(1080, 'SV1_Treasurer', 'logged out', '2023-04-09 16:04:04'),
(1081, 'SV1_Admin', 'logged in', '2023-04-09 16:04:07'),
(1082, 'SV1_Admin', 'logged out', '2023-04-09 16:11:14'),
(1083, 'Mon Carlo Delima', 'logged in', '2023-04-09 16:11:17'),
(1084, 'Mon Carlo Delima', 'logged out', '2023-04-09 16:12:33'),
(1085, 'SV1_Admin', 'logged in', '2023-04-09 16:12:35'),
(1086, 'SV1_Admin', 'logged out', '2023-04-09 16:13:59'),
(1087, 'SV1_Treasurer', 'logged in', '2023-04-09 16:14:02'),
(1088, 'SV1_Treasurer', 'logged out', '2023-04-09 16:15:02'),
(1089, 'SV1_Admin', 'logged in', '2023-04-09 16:15:22'),
(1090, 'SV1_Admin', 'logged out', '2023-04-09 16:15:43'),
(1091, 'SV1_Admin', 'logged in', '2023-04-09 16:15:54'),
(1092, 'SV1_Admin', 'logged out', '2023-04-09 16:24:04'),
(1093, 'SV1_Treasurer', 'logged in', '2023-04-09 16:24:08'),
(1094, 'SV1_Treasurer', 'logged out', '2023-04-09 16:24:57'),
(1095, 'SV1_Admin', 'logged in', '2023-04-09 16:25:00'),
(1096, 'SV1_Admin', 'logged out', '2023-04-09 16:27:38'),
(1097, 'SV1_Admin', 'logged in', '2023-04-09 16:27:42'),
(1098, 'SV1_Admin', 'logged out', '2023-04-09 16:29:13'),
(1099, 'SV1_Admin', 'logged in', '2023-04-09 16:29:38'),
(1100, 'SV1_Admin', 'logged out', '2023-04-09 16:31:44'),
(1101, 'SV1_Treasurer', 'logged in', '2023-04-09 16:31:47'),
(1102, 'SV1_Treasurer', 'logged out', '2023-04-09 16:32:01'),
(1103, 'SV1_Admin', 'logged in', '2023-04-09 16:32:05'),
(1104, 'SV1_Admin', 'logged out', '2023-04-09 16:32:53'),
(1105, 'SV1_Treasurer', 'logged in', '2023-04-09 16:32:56'),
(1106, 'SV1_Treasurer', 'logged out', '2023-04-09 16:33:02'),
(1107, 'SV1_Admin', 'logged in', '2023-04-09 16:33:05'),
(1108, 'SV1_Admin', 'logged out', '2023-04-09 16:33:31'),
(1109, 'SV1_Treasurer', 'logged in', '2023-04-09 16:33:35'),
(1110, 'SV1_Treasurer', 'logged out', '2023-04-09 16:34:04'),
(1111, 'SV1_Treasurer', 'logged in', '2023-04-09 16:34:09'),
(1112, 'SV1_Treasurer', 'logged out', '2023-04-09 16:34:30'),
(1113, 'Mon Carlo Delima', 'logged in', '2023-04-09 16:34:34'),
(1114, 'Mon Carlo Delima', 'logged out', '2023-04-09 16:35:37'),
(1115, 'Mon Carlo Delima', 'logged in', '2023-04-09 19:47:04'),
(1116, 'Mon Carlo Delima', 'logged out', '2023-04-09 19:56:58'),
(1117, 'Mon Carlo Delima', 'logged in', '2023-04-09 19:57:50'),
(1118, 'Mon Carlo Delima', 'logged out', '2023-04-09 19:58:05'),
(1119, 'SV1_Admin', 'logged in', '2023-04-09 19:58:09'),
(1120, 'SV1_Admin', 'logged out', '2023-04-09 19:59:28'),
(1121, 'SV1_Guard', 'logged in', '2023-04-09 19:59:30'),
(1122, 'SV1_Guard', 'logged out', '2023-04-09 20:00:02'),
(1123, 'SV1_Guard', 'logged in', '2023-04-09 20:00:04'),
(1124, 'SV1_Guard', 'logged out', '2023-04-09 20:00:07'),
(1125, 'SV1_Admin', 'logged in', '2023-04-09 20:00:09'),
(1126, 'SV1_Admin', 'logged out', '2023-04-09 20:00:13'),
(1127, 'SV1_Secretary', 'logged in', '2023-04-09 20:00:15'),
(1128, 'SV1_Secretary', 'logged out', '2023-04-09 20:01:44'),
(1129, 'Mon Carlo Delima', 'logged in', '2023-04-09 20:01:49'),
(1130, 'Mon Carlo Delima', 'logged out', '2023-04-09 20:01:52'),
(1131, 'SV1_Treasurer', 'logged in', '2023-04-09 20:01:55'),
(1132, 'SV1_Treasurer', 'logged out', '2023-04-09 20:20:34'),
(1133, 'Mon Carlo Delima', 'logged in', '2023-04-09 20:20:38'),
(1134, 'Mon Carlo Delima', 'logged out', '2023-04-09 20:21:42'),
(1135, 'Mon Carlo Delima', 'logged in', '2023-04-09 20:21:45'),
(1136, 'Mon Carlo Delima', 'logged out', '2023-04-09 20:23:07'),
(1137, 'SV1_Admin', 'logged in', '2023-04-09 20:23:09'),
(1138, 'SV1_Admin', 'logged out', '2023-04-09 20:24:23'),
(1139, 'Mon Carlo Delima', 'logged in', '2023-04-09 20:24:27'),
(1140, 'Mon Carlo Delima', 'logged out', '2023-04-09 20:26:02'),
(1141, 'Mon Carlo Delima', 'logged in', '2023-04-09 20:26:15'),
(1142, 'Mon Carlo Delima', 'logged out', '2023-04-09 20:26:47'),
(1143, 'SV1_Treasurer', 'logged in', '2023-04-09 20:26:50'),
(1144, 'SV1_Treasurer', 'logged out', '2023-04-09 20:27:48'),
(1145, 'SV1_Admin', 'logged in', '2023-04-09 20:27:57'),
(1146, 'SV1_Admin', 'logged out', '2023-04-09 20:28:01'),
(1147, 'Mon Carlo Delima', 'logged in', '2023-04-09 20:28:05'),
(1148, 'Mon Carlo Delima', 'logged out', '2023-04-09 20:29:13'),
(1149, 'SV1_Admin', 'logged in', '2023-04-09 20:29:15'),
(1150, 'SV1_Admin', 'logged out', '2023-04-09 20:29:56'),
(1151, 'SV1_Guard', 'logged in', '2023-04-09 20:29:59'),
(1152, 'SV1_Guard', 'logged out', '2023-04-09 20:30:09'),
(1153, 'SV1_Admin', 'logged in', '2023-04-09 20:30:12'),
(1154, 'SV1_Admin', 'logged out', '2023-04-09 20:50:25'),
(1155, 'SV1_Secretary', 'logged in', '2023-04-09 20:50:28'),
(1156, 'SV1_Secretary', 'logged out', '2023-04-09 20:50:32'),
(1157, 'SV1_Admin', 'logged in', '2023-04-09 20:50:40'),
(1158, 'SV1_Admin', 'logged out', '2023-04-09 20:51:46'),
(1159, 'SV1_Treasurer', 'logged in', '2023-04-09 20:51:49'),
(1160, 'SV1_Treasurer', 'logged out', '2023-04-09 20:54:10'),
(1161, 'SV1_Admin', 'logged in', '2023-04-09 20:54:19'),
(1162, 'SV1_Admin', 'logged out', '2023-04-09 20:56:00'),
(1163, 'SV1_Admin', 'logged in', '2023-04-09 20:56:04'),
(1164, 'SV1_Admin', 'logged out', '2023-04-09 20:59:08'),
(1165, 'SV1_Admin', 'logged in', '2023-04-09 21:07:55'),
(1166, 'SV1_Admin', 'logged out', '2023-04-09 21:33:51'),
(1167, 'SV1_Treasurer', 'logged in', '2023-04-09 21:33:57'),
(1168, 'SV1_Treasurer', 'logged out', '2023-04-09 21:35:54'),
(1169, 'SV1_Admin', 'logged in', '2023-04-09 21:35:56'),
(1170, 'SV1_Admin', 'added a new subdivision  ', '2023-04-09 22:15:46'),
(1171, 'SV1_Admin', 'added a new subdivision Sunnyvale 5 Pantok', '2023-04-09 22:24:15'),
(1172, 'SV1_Admin', 'updated an existing subdivision Sunnyvale 1 Pantoks', '2023-04-09 22:40:36'),
(1173, 'SV1_Admin', 'updated an existing subdivision Sunnyvale 1 Pantok', '2023-04-09 22:40:39'),
(1174, 'SV1_Admin', 'logged out', '2023-04-09 23:32:26'),
(1175, 'Mon Carlo Delima', 'logged in', '2023-04-09 23:32:29'),
(1176, 'Mon Carlo Delima', 'logged out', '2023-04-09 23:37:04'),
(1177, 'SV1_Admin', 'logged in', '2023-04-09 23:37:07'),
(1178, 'SV1_Admin', 'logged out', '2023-04-10 00:32:11'),
(1179, 'SV1_Admin', 'logged in', '2023-04-10 00:32:15'),
(1180, 'SV1_Admin', 'added homeowner a a', '2023-04-10 01:30:26'),
(1181, 'SV1_Admin', 'added homeowner a a', '2023-04-10 01:31:58'),
(1182, 'SV1_Admin', 'updated homeowner Mon Carlo Delima', '2023-04-10 01:35:30'),
(1183, 'SV1_Admin', 'updated homeowner Mon Carlo Delima', '2023-04-10 01:37:16'),
(1184, 'SV1_Admin', 'updated homeowner Mon Carlo Delima', '2023-04-10 01:37:55'),
(1185, 'SV1_Admin', 'updated homeowner Mon Carlo Delima', '2023-04-10 01:38:21'),
(1186, 'SV1_Admin', 'updated homeowner Mon Carlo Delima', '2023-04-10 01:38:51'),
(1187, 'SV1_Admin', 'updated homeowner Mon Carlo Delima', '2023-04-10 01:39:39'),
(1188, 'SV1_Admin', 'updated homeowner Mon Carlo Delima', '2023-04-10 01:40:20'),
(1189, 'SV1_Admin', 'updated homeowner Mon Carlo Delima', '2023-04-10 01:40:45'),
(1190, 'SV1_Admin', 'updated homeowner Mon Carlo Delima', '2023-04-10 01:41:53'),
(1191, 'SV1_Admin', 'updated homeowner Mon Carlo Delima', '2023-04-10 01:43:22'),
(1192, 'SV1_Admin', 'updated homeowner Mon Carlo Delima', '2023-04-10 01:51:18'),
(1193, 'SV1_Admin', 'logged in', '2023-04-10 07:37:42'),
(1194, 'SV1_Admin', 'updated homeowner Kyle Andrei Casingal', '2023-04-10 09:45:13'),
(1195, 'SV1_Admin', 'updated homeowner Kyle Andrei Casingal', '2023-04-10 09:45:32'),
(1196, 'SV1_Admin', 'logged out', '2023-04-10 09:47:34'),
(1197, 'Mon Carlo Delima', 'logged in', '2023-04-10 09:47:38'),
(1198, 'Mon Carlo Delima', 'logged out', '2023-04-10 09:47:44'),
(1199, 'Mon Carlo Delima', 'logged in', '2023-04-10 09:47:48'),
(1200, 'Mon Carlo Delima', 'logged out', '2023-04-10 09:51:37'),
(1201, 'Mon Carlo Delima', 'logged in', '2023-04-10 09:52:28'),
(1202, 'Mon Carlo Delima', 'logged out', '2023-04-10 10:01:57'),
(1203, 'Mon Carlo Delima', 'logged in', '2023-04-10 10:02:00'),
(1204, 'Mon Carlo Delima', 'logged out', '2023-04-10 10:02:02'),
(1205, 'SV1_Treasurer', 'logged in', '2023-04-10 10:02:04'),
(1206, 'SV1_Treasurer', 'logged out', '2023-04-10 10:03:24'),
(1207, 'SV1_Guard', 'logged in', '2023-04-10 10:03:27'),
(1208, 'SV1_Guard', 'logged out', '2023-04-10 10:03:30'),
(1209, 'Mon Carlo Delima', 'logged in', '2023-04-10 10:03:34'),
(1210, 'Mon Carlo Delima', 'logged out', '2023-04-10 10:23:46'),
(1211, 'SV1_Admin', 'logged in', '2023-04-10 10:23:49'),
(1212, 'SV1_Admin', 'logged out', '2023-04-10 10:27:35'),
(1213, 'SV1_Admin', 'logged in', '2023-04-10 10:27:38'),
(1214, 'SV1_Admin', 'logged out', '2023-04-10 10:29:21'),
(1215, 'SV1_Secretary', 'logged in', '2023-04-10 10:29:23'),
(1216, 'SV1_Secretary', 'logged out', '2023-04-10 10:29:58'),
(1217, 'SV1_Treasurer', 'logged in', '2023-04-10 10:30:02'),
(1218, 'SV1_Treasurer', 'logged out', '2023-04-10 10:44:21'),
(1219, 'Mon Carlo Delima', 'logged in', '2023-04-10 10:44:25'),
(1220, 'Mon Carlo Delima', 'logged out', '2023-04-10 11:01:51'),
(1221, 'Mon Carlo Delima', 'logged in', '2023-04-10 11:01:55'),
(1222, 'Mon Carlo Delima', 'logged out', '2023-04-10 11:10:52'),
(1223, 'SV1_Treasurer', 'logged in', '2023-04-10 11:10:55'),
(1224, 'Mon Carlo Delima', 'logged in', '2023-04-10 11:19:13'),
(1225, 'SV1_Treasurer', 'logged out', '2023-04-10 11:38:59'),
(1226, 'Mon Carlo Delima', 'logged in', '2023-04-10 11:39:02'),
(1227, 'Mon Carlo Delima', 'logged out', '2023-04-10 11:41:10'),
(1228, 'Mon Carlo Delima', 'logged in', '2023-04-10 11:41:13'),
(1229, 'Mon Carlo Delima', 'logged out', '2023-04-10 11:41:20'),
(1230, 'SV1_Treasurer', 'logged in', '2023-04-10 11:41:25'),
(1231, 'SV1_Treasurer', 'logged out', '2023-04-10 11:49:50'),
(1232, 'Kyle Andrei Casingal', 'logged in', '2023-04-10 11:49:54'),
(1233, 'Kyle Andrei Casingal', 'logged out', '2023-04-10 12:09:50'),
(1234, 'SV1_Treasurer', 'logged in', '2023-04-10 12:09:53'),
(1235, 'SV1_Treasurer', 'logged out', '2023-04-10 12:24:20'),
(1236, 'Mon Carlo Delima', 'logged in', '2023-04-10 12:25:25'),
(1237, 'Mon Carlo Delima', 'logged out', '2023-04-10 12:25:26'),
(1238, 'Mon Carlo Delima', 'logged in', '2023-04-10 12:25:35'),
(1239, 'Mon Carlo Delima', 'logged in', '2023-04-10 14:20:32'),
(1240, 'Mon Carlo Delima', 'logged out', '2023-04-10 14:21:33'),
(1241, 'SV1_Treasurer', 'logged in', '2023-04-10 14:21:38'),
(1242, 'SV1_Treasurer', 'logged out', '2023-04-10 14:26:28'),
(1243, 'Mon Carlo Delima', 'logged in', '2023-04-10 14:26:34'),
(1244, 'Mon Carlo Delima', 'logged out', '2023-04-10 14:27:41'),
(1245, 'SV1_Admin', 'logged in', '2023-04-10 14:27:44'),
(1246, 'SV1_Admin', 'logged out', '2023-04-10 14:32:16'),
(1247, 'Mon Carlo Delima', 'logged in', '2023-04-10 14:32:19'),
(1248, 'Mon Carlo Delima', 'logged out', '2023-04-10 15:18:00'),
(1249, 'Mon Carlo Delima', 'logged in', '2023-04-10 15:18:04'),
(1250, 'Mon Carlo Delima', 'logged out', '2023-04-10 15:39:22'),
(1251, 'Mon Carlo Delima', 'logged in', '2023-04-10 15:56:53'),
(1252, 'Mon Carlo Delima', 'logged in', '2023-04-11 21:39:46'),
(1253, 'Mon Carlo Delima', 'logged out', '2023-04-11 21:42:55'),
(1254, 'SV1_Admin', 'logged in', '2023-04-11 21:43:00'),
(1255, 'SV1_Admin', 'uploaded a new post', '2023-04-11 21:43:21'),
(1256, 'SV1_Admin', 'uploaded a new post', '2023-04-11 21:43:35'),
(1257, 'SV1_Admin', 'uploaded a new post', '2023-04-11 21:43:46'),
(1258, 'SV1_Admin', 'uploaded a new post', '2023-04-11 21:44:01'),
(1259, 'SV1_Admin', 'logged out', '2023-04-11 21:46:11'),
(1260, 'Mon Carlo Delima', 'logged in', '2023-04-11 21:46:14'),
(1261, 'Mon Carlo Delima', 'logged out', '2023-04-11 22:02:57'),
(1262, 'SV1_Admin', 'logged in', '2023-04-11 22:03:08'),
(1263, 'SV1_Admin', 'logged out', '2023-04-11 22:04:28'),
(1264, 'Mon Carlo Delima', 'logged in', '2023-04-11 22:04:32'),
(1265, 'Mon Carlo Delima', 'logged out', '2023-04-11 22:05:43'),
(1266, 'SV1_Admin', 'logged in', '2023-04-11 22:05:46'),
(1267, 'SV1_Admin', 'logged out', '2023-04-11 22:06:04'),
(1268, 'Mon Carlo Delima', 'logged in', '2023-04-11 22:06:07'),
(1269, 'Mon Carlo Delima', 'logged out', '2023-04-11 22:06:50'),
(1270, 'SV1_Admin', 'logged in', '2023-04-11 22:06:54'),
(1271, 'SV1_Admin', 'logged out', '2023-04-11 22:08:35'),
(1272, 'Mon Carlo Delima', 'logged in', '2023-04-11 22:08:38'),
(1273, 'Mon Carlo Delima', 'logged out', '2023-04-11 22:12:03'),
(1274, 'SV1_Admin', 'logged in', '2023-04-11 22:12:06'),
(1275, 'SV1_Admin', 'logged out', '2023-04-11 22:12:29'),
(1276, 'Mon Carlo Delima', 'logged in', '2023-04-11 22:12:32'),
(1277, 'Mon Carlo Delima', 'logged out', '2023-04-11 22:13:05'),
(1278, 'SV1_Admin', 'logged in', '2023-04-11 22:13:09'),
(1279, 'SV1_Admin', 'logged out', '2023-04-12 23:58:45'),
(1280, 'Mon Carlo Delima', 'logged in', '2023-04-12 23:58:59'),
(1281, 'Mon Carlo Delima', 'logged out', '2023-04-13 00:42:21'),
(1282, 'SV1_Admin', 'logged in', '2023-04-13 00:42:25'),
(1283, 'SV1_Admin', 'logged out', '2023-04-13 00:45:00'),
(1284, 'Mon Carlo Delima', 'logged in', '2023-04-13 00:45:05'),
(1285, 'Mon Carlo Delima', 'logged out', '2023-04-13 11:25:07'),
(1286, 'John Doe', 'created an account', '2023-04-14 13:43:48'),
(1287, 'John Doe', 'logged in', '2023-04-14 13:44:59'),
(1288, 'John Doe', 'logged out', '2023-04-14 13:45:45'),
(1289, 'John Doe', 'logged in', '2023-04-14 13:45:52'),
(1290, '', 'logged out', '2023-04-14 13:46:22'),
(1291, 'Monkey D. Luffy', 'created an account', '2023-04-14 13:46:33'),
(1292, 'Monkey D. Luffy', 'logged in', '2023-04-14 13:50:22'),
(1293, 'Monkey D. Luffy', 'logged in', '2023-04-14 13:56:16'),
(1294, 'Mon Carlo Delima', 'logged in', '2023-04-14 14:00:02'),
(1295, 'Mon Carlo Delima', 'logged out', '2023-04-14 14:00:20'),
(1296, 'Monkey D. Luffy', 'logged in', '2023-04-14 14:00:44'),
(1297, 'SV1_Admin', 'logged in', '2023-04-14 14:09:26'),
(1298, 'SV1_Admin', 'logged out', '2023-04-14 14:09:34'),
(1299, 'SV1_Admin', 'logged in', '2023-04-14 14:09:37'),
(1300, 'SV1_Admin', 'logged out', '2023-04-14 14:09:39'),
(1301, 'SV1_Admin', 'logged in', '2023-04-14 14:09:41'),
(1302, 'SV1_Admin', 'logged out', '2023-04-14 14:09:57'),
(1303, 'Monkey D. Luffy', 'logged in', '2023-04-14 14:10:01'),
(1304, 'Monkey D. Luffy', 'logged out', '2023-04-14 14:15:54'),
(1305, 'SV1_Admin', 'logged in', '2023-04-14 14:15:57'),
(1306, 'SV1_Admin', 'logged out', '2023-04-14 14:16:01'),
(1307, 'Monkey D. Luffy', 'logged in', '2023-04-14 14:16:05'),
(1308, 'Monkey D. Luffy', 'uploaded a new post', '2023-04-14 14:18:10'),
(1309, 'Monkey D. Luffy', 'uploaded a new post', '2023-04-14 14:19:13'),
(1310, 'Monkey D. Luffy', 'logged out', '2023-04-14 14:19:16'),
(1311, 'SV1_Admin', 'logged in', '2023-04-14 14:19:21'),
(1312, 'SV1_Admin', 'logged out', '2023-04-14 14:19:23'),
(1313, 'Mon Carlo Delima', 'logged in', '2023-04-14 14:19:26'),
(1314, 'Mon Carlo Delima', 'uploaded a new post', '2023-04-14 14:19:37'),
(1315, 'Mon Carlo Delima', 'logged out', '2023-04-14 14:19:42'),
(1316, 'Monkey D. Luffy', 'logged in', '2023-04-14 14:19:45'),
(1317, 'Monkey D. Luffy', 'uploaded a new post', '2023-04-14 14:23:15'),
(1318, 'Monkey D. Luffy', 'logged out', '2023-04-14 15:25:01'),
(1319, 'Monkey D. Luffy', 'logged in', '2023-04-14 15:25:09'),
(1320, 'Monkey D. Luffy', 'logged out', '2023-04-14 15:26:16'),
(1321, 'SV1_Admin', 'logged in', '2023-04-14 15:26:18'),
(1322, 'Mon Carlo Delima', 'logged in', '2023-04-14 22:27:37'),
(1323, 'Mon Carlo Delima', 'logged out', '2023-04-14 22:29:32'),
(1324, 'Monkey D. Luffy', 'created an account', '2023-04-14 22:46:46'),
(1325, 'Monkey D. Luffy', 'logged in', '2023-04-14 22:47:03'),
(1326, 'SV1_Admin', 'logged out', '2023-05-01 13:45:25'),
(1327, 'Mon Carlo Delima', 'logged in', '2023-05-01 13:45:50'),
(1328, 'Mon Carlo Delima', 'logged out', '2023-05-01 13:46:33'),
(1329, 'Mon Carlo Delima', 'logged in', '2023-05-01 13:46:36'),
(1330, 'Mon Carlo Delima', 'logged out', '2023-05-01 13:46:38'),
(1331, 'SV1_Admin', 'logged in', '2023-05-01 13:46:56'),
(1332, 'SV1_Admin', 'logged out', '2023-05-01 13:51:13'),
(1333, 'SV1_Admin', 'logged in', '2023-05-01 13:52:56'),
(1334, 'SV1_Admin', 'logged out', '2023-05-01 13:56:55'),
(1335, 'SV1_Admin', 'logged in', '2023-05-01 13:57:20'),
(1336, 'SV1_Admin', 'added a new subdivision officer Juan Tamad-President', '2023-05-01 14:04:11'),
(1337, 'SV1_Admin', 'added a new subdivision officer Rie Takahashi-Vice President', '2023-05-01 14:05:42'),
(1338, 'SV1_Admin', 'updated an existing subdivision officer Saddie Wheele-President', '2023-05-01 14:24:34'),
(1339, 'SV1_Admin', 'updated an existing subdivision officer Saddie Wheeler-President', '2023-05-01 14:24:39'),
(1340, 'SV1_Admin', 'updated an existing subdivision officer Juan Tama-President', '2023-05-02 00:10:26'),
(1341, 'SV1_Admin', 'updated an existing subdivision officer Juan Tamad-President', '2023-05-02 00:11:01'),
(1342, 'SV1_Admin', 'updated an existing subdivision officer Saddie Wheeler-President', '2023-05-02 00:11:11'),
(1343, 'SV1_Admin', 'updated an existing subdivision officer Saddie Wheeler-President', '2023-05-02 00:11:27'),
(1344, 'SV1_Admin', 'updated an existing subdivision officer Saddie Wheeler-President', '2023-05-02 00:12:36'),
(1345, 'SV1_Admin', 'updated an existing subdivision officer Rie Takahash-Vice President', '2023-05-02 00:12:47'),
(1346, 'SV1_Admin', 'updated an existing subdivision officer Rie Takahashi-Vice President', '2023-05-02 00:12:56'),
(1347, 'SV1_Admin', 'logged out', '2023-05-02 00:14:49'),
(1348, 'SV1_Admin', 'logged in', '2023-05-02 03:08:34'),
(1349, 'SV1_Admin', 'logged out', '2023-05-02 03:08:56'),
(1350, 'SV1_Admin', 'logged in', '2023-05-02 03:16:23'),
(1351, 'SV1_Admin', 'added a new subdivision officer Aya Price-Vice President', '2023-05-02 03:16:39'),
(1352, 'SV1_Admin', 'added a new subdivision officer Maxim Diaz-Secretary', '2023-05-02 03:16:59'),
(1353, 'SV1_Admin', 'added a new subdivision officer Zakir Hodges-Treasurer', '2023-05-02 03:17:14'),
(1354, 'SV1_Admin', 'added a new subdivision officer Gloria Sharp-Auditor', '2023-05-02 03:17:22'),
(1355, 'SV1_Admin', 'added a new subdivision officer Dulcie Matthams-PIO', '2023-05-02 03:17:42'),
(1356, 'SV1_Admin', 'logged out', '2023-05-02 03:18:46'),
(1357, 'SV1_Admin', 'logged in', '2023-05-02 22:58:27'),
(1358, 'SV1_Admin', 'logged out', '2023-05-02 22:59:43'),
(1359, 'SV1_Admin', 'logged in', '2023-05-02 23:00:00'),
(1360, 'SV1_Admin', 'logged out', '2023-05-02 23:01:08'),
(1361, 'SV1_Admin', 'logged in', '2023-05-02 23:01:15'),
(1362, 'SV1_Admin', 'logged out', '2023-05-02 23:01:17'),
(1363, 'SV1_Admin', 'logged in', '2023-05-02 23:06:45'),
(1364, 'SV1_Admin', 'logged out', '2023-05-02 23:06:56'),
(1365, 'SV1_Admin', 'logged in', '2023-05-02 23:08:50'),
(1366, 'SV1_Admin', 'logged out', '2023-05-02 23:09:01'),
(1367, 'SV1_Admin', 'logged in', '2023-05-02 23:14:26'),
(1368, 'SV1_Admin', 'logged out', '2023-05-02 23:14:42'),
(1369, 'Mon Carlo Delima', 'logged in', '2023-05-02 23:32:09'),
(1370, 'Mon Carlo Delima', 'logged out', '2023-05-02 23:36:03'),
(1371, 'Mon Carlo Delima', 'logged in', '2023-05-03 00:03:13'),
(1372, 'Mon Carlo Delima', 'logged out', '2023-05-03 00:03:35'),
(1373, 'SV1_Admin', 'logged in', '2023-05-03 00:03:38'),
(1374, 'SV1_Admin', 'logged in', '2023-05-03 20:47:17'),
(1375, 'SV1_Admin', 'logged out', '2023-05-03 20:47:51'),
(1376, 'Mon Carlo Delima', 'logged in', '2023-05-03 20:47:54'),
(1377, 'Mon Carlo Delima', 'logged out', '2023-05-03 20:48:59'),
(1378, 'SV1_Admin', 'logged in', '2023-05-03 20:49:02'),
(1379, 'SV1_Admin', 'logged out', '2023-05-03 21:11:13'),
(1380, 'Mon Carlo Delima', 'logged in', '2023-05-03 21:11:16'),
(1381, 'Mon Carlo Delima', 'logged out', '2023-05-03 21:11:40'),
(1382, 'Mon Carlo Delima', 'logged in', '2023-05-03 21:11:43'),
(1383, 'Mon Carlo Delima', 'logged out', '2023-05-03 21:11:51'),
(1384, 'SV1_Admin', 'logged in', '2023-05-03 21:11:54'),
(1385, 'SV1_Admin', 'logged out', '2023-05-03 22:18:31'),
(1386, 'SV1_Admin', 'logged in', '2023-05-03 22:22:44'),
(1387, 'SV1_Admin', 'logged out', '2023-05-03 22:27:31'),
(1388, 'SV1_Admin', 'logged in', '2023-05-03 22:27:33'),
(1389, 'SV1_Admin', 'logged out', '2023-05-03 22:27:35'),
(1390, 'SV1_Treasurer', 'logged in', '2023-05-03 22:27:37'),
(1391, 'SV1_Treasurer', 'logged out', '2023-05-03 22:27:43'),
(1392, 'SV1_Admin', 'logged in', '2023-05-03 22:39:02'),
(1393, 'SV1_Admin', 'logged out', '2023-05-03 22:48:13'),
(1394, 'SV1_Admin', 'logged in', '2023-05-03 22:48:44'),
(1395, 'SV1_Admin', 'logged out', '2023-05-03 22:50:04'),
(1396, 'SV1_Admin', 'logged in', '2023-05-03 23:20:06'),
(1397, 'SV1_Admin', 'logged out', '2023-05-03 23:20:28'),
(1398, 'SV1_Secretary', 'logged in', '2023-05-03 23:20:31'),
(1399, 'SV1_Secretary', 'logged out', '2023-05-03 23:28:12'),
(1400, 'SV1_Admin', 'logged in', '2023-05-03 23:28:15'),
(1401, 'SV1_Admin', 'logged out', '2023-05-03 23:28:39'),
(1402, 'SV1_Secretary', 'logged in', '2023-05-03 23:28:41'),
(1403, 'SV1_Secretary', 'logged out', '2023-05-03 23:28:51'),
(1404, 'SV1_Admin', 'logged in', '2023-05-03 23:28:53'),
(1405, 'SV1_Admin', 'logged out', '2023-05-03 23:30:26'),
(1406, 'SV1_Secretary', 'logged in', '2023-05-03 23:30:29'),
(1407, 'SV1_Secretary', 'logged out', '2023-05-03 23:30:35'),
(1408, 'SV1_Admin', 'logged in', '2023-05-03 23:30:40'),
(1409, 'SV1_Admin', 'logged in', '2023-05-03 23:44:20'),
(1410, 'SV1_Admin', 'logged out', '2023-05-04 00:05:48'),
(1411, 'SV1_Admin', 'logged in', '2023-05-04 00:30:28'),
(1412, 'SV1_Admin', 'logged out', '2023-05-04 00:30:39'),
(1413, 'SV1_Admin', 'logged in', '2023-05-04 10:01:36'),
(1414, 'SV1_Admin', 'logged out', '2023-05-04 10:03:41'),
(1415, 'SV1_Admin', 'logged in', '2023-05-04 10:04:28'),
(1416, 'SV1_Admin', 'logged out', '2023-05-04 10:05:34'),
(1417, 'SV1_Admin', 'logged in', '2023-05-04 11:42:48'),
(1418, 'SV1_Admin', 'logged in', '2023-05-04 11:42:52'),
(1419, 'SV1_Admin', 'logged in', '2023-05-04 11:43:04'),
(1420, 'SV1_Admin', 'logged in', '2023-05-04 11:43:16'),
(1421, 'SV1_Admin', 'logged out', '2023-05-04 11:53:41'),
(1422, 'Mon Carlo Delima', 'logged in', '2023-05-04 12:05:24'),
(1423, 'Mon Carlo Delima', 'logged out', '2023-05-04 12:07:34'),
(1424, 'SV1_Admin', 'logged in', '2023-05-05 14:50:25'),
(1425, 'SV1_Admin', 'logged out', '2023-05-05 14:50:27'),
(1426, 'SV1_Admin', 'logged in', '2023-05-05 14:50:29'),
(1427, 'SV1_Admin', 'logged out', '2023-05-05 14:50:31'),
(1428, 'Mon Carlo Delima', 'logged in', '2023-05-05 14:50:33'),
(1429, 'Mon Carlo Delima', 'logged out', '2023-05-05 14:51:33'),
(1430, 'Mon Carlo Delima', 'logged in', '2023-05-05 15:22:51'),
(1431, 'Mon Carlo Delima', 'logged out', '2023-05-05 15:27:54'),
(1432, 'SV1_Treasurer', 'logged in', '2023-05-05 15:32:56'),
(1433, 'SV1_Treasurer', 'logged out', '2023-05-05 15:33:04'),
(1434, 'Mon Carlo Delima', 'logged in', '2023-05-05 15:33:07'),
(1435, 'Mon Carlo Delima', 'logged out', '2023-05-05 15:43:46'),
(1436, 'SV1_Admin', 'logged in', '2023-05-05 15:43:48'),
(1437, 'SV1_Admin', 'logged out', '2023-05-05 15:52:51'),
(1438, 'SV1_Admin', 'logged in', '2023-05-05 15:52:54'),
(1439, 'SV1_Admin', 'logged out', '2023-05-05 15:55:34'),
(1440, 'SV1_Admin', 'logged in', '2023-05-05 15:55:36'),
(1441, 'SV1_Admin', 'logged in', '2023-05-06 07:14:01'),
(1442, 'SV1_Admin', 'logged out', '2023-05-06 07:15:17'),
(1443, 'SV1_Admin', 'logged in', '2023-05-06 07:15:21'),
(1444, 'SV1_Admin', 'logged out', '2023-05-06 07:45:25'),
(1445, 'SV1_Treasurer', 'logged in', '2023-05-06 07:45:28'),
(1446, 'SV1_Treasurer', 'logged out', '2023-05-06 08:00:59'),
(1447, 'SV1_Admin', 'logged in', '2023-05-06 08:01:02'),
(1448, 'SV1_Admin', 'logged out', '2023-05-06 08:04:13'),
(1449, 'SV1_Admin', 'logged in', '2023-05-06 08:04:19'),
(1450, 'SV1_Admin', 'logged out', '2023-05-06 08:05:04'),
(1451, 'SV1_Admin', 'logged in', '2023-05-06 08:05:06'),
(1452, 'SV1_Admin', 'logged out', '2023-05-06 08:05:13'),
(1453, 'test test', 'created an account', '2023-05-06 08:05:53'),
(1454, 'test test', 'logged in', '2023-05-06 08:06:36'),
(1455, 'test test', 'logged out', '2023-05-06 08:07:13'),
(1456, 'SV1_Admin', 'logged in', '2023-05-06 08:07:17'),
(1457, 'SV1_Admin', 'logged out', '2023-05-06 08:09:15'),
(1458, 'SV1_Admin', 'logged in', '2023-05-06 08:09:25'),
(1459, 'SV1_Admin', 'logged out', '2023-05-06 08:09:32'),
(1460, 'SV1_Admin', 'logged in', '2023-05-06 08:09:35'),
(1461, 'SV1_Admin', 'logged out', '2023-05-06 08:11:22'),
(1462, 'SV1_Admin', 'logged in', '2023-05-06 08:11:26'),
(1463, 'SV1_Admin', 'logged out', '2023-05-06 08:13:51'),
(1464, 'SV1_Admin', 'logged in', '2023-05-06 12:29:42'),
(1465, 'SV1_Admin', 'logged out', '2023-05-06 12:35:57'),
(1466, 'SV1_Admin', 'logged in', '2023-05-06 12:36:14'),
(1467, 'SV1_Admin', 'logged out', '2023-05-06 12:43:42'),
(1468, 'SV1_Admin', 'logged in', '2023-05-06 12:43:44'),
(1469, 'SV1_Admin', 'logged out', '2023-05-06 12:43:57'),
(1470, 'SV1_Admin', 'logged in', '2023-05-06 12:44:02'),
(1471, 'SV1_Admin', 'logged out', '2023-05-06 12:44:14'),
(1472, 'SV1_Admin', 'logged in', '2023-05-06 12:44:16'),
(1473, 'SV1_Admin', 'logged out', '2023-05-06 12:44:33'),
(1474, 'SV1_Admin', 'logged in', '2023-05-06 12:44:36'),
(1475, 'SV1_Admin', 'logged out', '2023-05-06 12:44:37'),
(1476, 'Mon Carlo Delima', 'logged in', '2023-05-06 12:44:40'),
(1477, 'Mon Carlo Delima', 'logged out', '2023-05-06 12:46:11'),
(1478, 'Mon Carlo Delima', 'logged in', '2023-05-06 12:46:14'),
(1479, 'Mon Carlo Delima', 'logged out', '2023-05-06 12:47:01'),
(1480, 'Mon Carlo Delima', 'logged in', '2023-05-06 12:47:04'),
(1481, 'Mon Carlo Delima', 'logged out', '2023-05-06 12:51:12'),
(1482, 'Mon Carlo Delima', 'logged in', '2023-05-06 12:51:15'),
(1483, 'Mon Carlo Delima', 'logged out', '2023-05-06 12:51:19'),
(1484, 'SV2_Admin', 'logged in', '2023-05-06 12:51:41'),
(1485, 'SV2_Admin', 'logged out', '2023-05-06 12:53:13'),
(1486, 'SV1_Admin', 'logged in', '2023-05-06 12:53:15'),
(1487, 'SV1_Admin', 'logged out', '2023-05-06 13:15:05'),
(1488, 'SV1_Admin', 'logged in', '2023-05-06 13:15:08'),
(1489, 'SV1_Admin', 'logged out', '2023-05-06 13:16:10'),
(1490, 'SV1_Admin', 'logged in', '2023-05-06 13:16:13'),
(1491, 'SV1_Admin', 'logged out', '2023-05-06 13:16:41'),
(1492, 'Mon Carlo Delima', 'logged in', '2023-05-06 13:16:44'),
(1493, 'Mon Carlo Delima', 'logged out', '2023-05-06 13:16:52'),
(1494, 'SV1_Admin', 'logged in', '2023-05-06 13:16:57'),
(1495, 'SV1_Admin', 'logged out', '2023-05-06 13:18:01'),
(1496, 'SV1_Secretary', 'logged in', '2023-05-06 13:18:04'),
(1497, 'SV1_Secretary', 'logged out', '2023-05-06 13:18:05'),
(1498, 'Mon Carlo Delima', 'logged in', '2023-05-06 13:18:08'),
(1499, 'Mon Carlo Delima', 'logged out', '2023-05-06 13:18:37'),
(1500, 'SV2_Admin', 'logged in', '2023-05-06 13:18:40'),
(1501, 'SV2_Admin', 'logged out', '2023-05-06 13:19:21'),
(1502, 'Kyle Andrei Casingal', 'logged in', '2023-05-06 13:19:25'),
(1503, 'Kyle Andrei Casingal', 'logged out', '2023-05-06 13:19:59'),
(1504, 'Mon Carlo Delima', 'logged in', '2023-05-06 13:20:02'),
(1505, 'Mon Carlo Delima', 'logged out', '2023-05-06 13:20:53'),
(1506, 'SV1_Admin', 'logged in', '2023-05-06 13:20:56'),
(1507, 'SV1_Admin', 'logged out', '2023-05-06 13:22:33'),
(1508, 'SV1_Admin', 'logged in', '2023-05-06 13:22:35'),
(1509, 'SV1_Admin', 'logged out', '2023-05-06 13:23:09'),
(1510, 'Mon Carlo Delima', 'logged in', '2023-05-06 13:23:11'),
(1511, 'Mon Carlo Delima', 'logged out', '2023-05-06 13:25:02'),
(1512, 'Mon Carlo Delima', 'logged in', '2023-05-06 13:25:04'),
(1513, 'Mon Carlo Delima', 'logged out', '2023-05-06 13:25:06'),
(1514, 'SV1_Admin', 'logged in', '2023-05-06 13:25:08'),
(1515, 'SV1_Admin', 'logged out', '2023-05-06 13:25:12'),
(1516, 'SV2_Admin', 'logged in', '2023-05-06 13:25:14'),
(1517, 'SV2_Admin', 'logged out', '2023-05-06 13:25:19'),
(1518, 'SV1_Admin', 'logged in', '2023-05-06 13:36:07'),
(1519, 'SV1_Admin', 'logged out', '2023-05-06 13:36:14'),
(1520, 'SV2_Admin', 'logged in', '2023-05-06 13:36:17'),
(1521, 'SV2_Admin', 'logged out', '2023-05-06 13:36:20'),
(1522, 'SV1_Guard', 'logged in', '2023-05-06 13:36:25'),
(1523, 'SV1_Guard', 'logged out', '2023-05-06 13:37:44'),
(1524, 'SV1_Admin', 'logged in', '2023-05-06 13:37:47'),
(1525, 'SV1_Admin', 'activated user Roiemar Escueta', '2023-05-06 13:47:46'),
(1526, 'SV1_Admin', 'logged out', '2023-05-06 13:48:08'),
(1527, 'SV2_Admin', 'logged in', '2023-05-06 13:48:11'),
(1528, 'SV2_Admin', 'logged out', '2023-05-06 13:48:29'),
(1529, 'SV3_Admin', 'logged in', '2023-05-06 13:48:34'),
(1530, 'SV3_Admin', 'logged out', '2023-05-06 13:51:28'),
(1531, 'SV1_Admin', 'logged in', '2023-05-06 13:51:32'),
(1532, 'SV1_Admin', 'logged out', '2023-05-06 13:56:53'),
(1533, 'SV2_Admin', 'logged in', '2023-05-06 13:56:55'),
(1534, 'SV2_Admin', 'logged out', '2023-05-06 13:57:00'),
(1535, 'SV1_Admin', 'logged in', '2023-05-06 13:57:03'),
(1536, 'SV1_Admin', 'logged out', '2023-05-06 14:09:59'),
(1537, 'SV2_Admin', 'logged in', '2023-05-06 14:10:02'),
(1538, 'SV2_Admin', 'logged out', '2023-05-06 14:19:29'),
(1539, 'SV1_Admin', 'logged in', '2023-05-06 14:19:31');

-- --------------------------------------------------------

--
-- Table structure for table `billing_period`
--

DROP TABLE IF EXISTS `billing_period`;
CREATE TABLE IF NOT EXISTS `billing_period` (
  `billingPeriod_id` int(11) NOT NULL AUTO_INCREMENT,
  `month` varchar(45) NOT NULL,
  `year` varchar(45) NOT NULL,
  PRIMARY KEY (`billingPeriod_id`) USING BTREE
) ENGINE=InnoDB AUTO_INCREMENT=73 DEFAULT CHARSET=utf8;

--
-- Dumping data for table `billing_period`
--

INSERT INTO `billing_period` (`billingPeriod_id`, `month`, `year`) VALUES
(1, 'January', '2023'),
(2, 'February', '2023'),
(3, 'March', '2023'),
(4, 'April', '2023'),
(5, 'May', '2023'),
(6, 'June', '2023'),
(7, 'July', '2023'),
(8, 'August', '2023'),
(9, 'September', '2023'),
(10, 'October', '2023'),
(11, 'November', '2023'),
(12, 'December', '2023'),
(13, 'January', '2024'),
(14, 'February', '2024'),
(15, 'March', '2024'),
(16, 'April', '2024'),
(17, 'May', '2024'),
(18, 'June', '2024'),
(19, 'July', '2024'),
(20, 'August', '2024'),
(21, 'September', '2024'),
(22, 'October', '2024'),
(23, 'November', '2024'),
(24, 'December', '2024'),
(25, 'January', '2024'),
(26, 'February', '2024'),
(27, 'March', '2024'),
(28, 'April', '2024'),
(29, 'May', '2024'),
(30, 'June', '2024'),
(31, 'July', '2024'),
(32, 'August', '2024'),
(33, 'September', '2024'),
(34, 'October', '2024'),
(35, 'November', '2024'),
(36, 'December', '2024'),
(37, 'January', '2024'),
(38, 'February', '2024'),
(39, 'March', '2024'),
(40, 'April', '2024'),
(41, 'May', '2024'),
(42, 'June', '2024'),
(43, 'July', '2024'),
(44, 'August', '2024'),
(45, 'September', '2024'),
(46, 'October', '2024'),
(47, 'November', '2024'),
(48, 'December', '2024'),
(49, 'January', '2024'),
(50, 'February', '2024'),
(51, 'March', '2024'),
(52, 'April', '2024'),
(53, 'May', '2024'),
(54, 'June', '2024'),
(55, 'July', '2024'),
(56, 'August', '2024'),
(57, 'September', '2024'),
(58, 'October', '2024'),
(59, 'November', '2024'),
(60, 'December', '2024'),
(61, 'January', '2024'),
(62, 'February', '2024'),
(63, 'March', '2024'),
(64, 'April', '2024'),
(65, 'May', '2024'),
(66, 'June', '2024'),
(67, 'July', '2024'),
(68, 'August', '2024'),
(69, 'September', '2024'),
(70, 'October', '2024'),
(71, 'November', '2024'),
(72, 'December', '2024');

-- --------------------------------------------------------

--
-- Table structure for table `bill_consumer`
--

DROP TABLE IF EXISTS `bill_consumer`;
CREATE TABLE IF NOT EXISTS `bill_consumer` (
  `billConsumer_id` int(11) NOT NULL AUTO_INCREMENT,
  `billingPeriod_id` int(11) NOT NULL,
  `homeowner_id` int(11) NOT NULL,
  `transaction_id` int(11) DEFAULT NULL,
  `fullname` varchar(250) NOT NULL,
  `amount` varchar(45) NOT NULL,
  `datetime_paid` datetime DEFAULT NULL,
  `status` varchar(45) NOT NULL,
  PRIMARY KEY (`billConsumer_id`)
) ENGINE=InnoDB AUTO_INCREMENT=145 DEFAULT CHARSET=utf8;

--
-- Dumping data for table `bill_consumer`
--

INSERT INTO `bill_consumer` (`billConsumer_id`, `billingPeriod_id`, `homeowner_id`, `transaction_id`, `fullname`, `amount`, `datetime_paid`, `status`) VALUES
(1, 1, 1, 4, 'Mon Carlo Delima', '200', NULL, 'PAID'),
(2, 2, 1, 4, 'Mon Carlo Delima', '200', NULL, 'PAID'),
(3, 3, 1, 4, 'Mon Carlo Delima', '200', NULL, 'PAID'),
(4, 1, 2, NULL, 'Kyle Andrei Casingal', '500', '2023-04-10 11:45:59', 'PAID'),
(5, 2, 2, NULL, 'Kyle Andrei Casingal', '500', '2023-04-10 11:45:59', 'PAID'),
(6, 3, 2, NULL, 'Kyle Andrei Casingal', '500', '2023-04-10 11:45:59', 'PAID'),
(7, 4, 2, 5, 'Kyle Andrei Casingal', '500', '2023-04-10 12:08:59', 'PAID'),
(8, 5, 2, 5, 'Kyle Andrei Casingal', '500', '2023-04-10 12:08:59', 'PAID'),
(9, 6, 2, 5, 'Kyle Andrei Casingal', '500', '2023-04-10 12:08:59', 'PAID'),
(10, 7, 2, 6, 'Kyle Andrei Casingal', '500', '2023-04-10 12:09:13', 'PAID'),
(11, 8, 2, 6, 'Kyle Andrei Casingal', '500', '2023-04-10 12:09:13', 'PAID'),
(12, 9, 2, 6, 'Kyle Andrei Casingal', '500', '2023-04-10 12:09:13', 'PAID'),
(13, 1, 16, 9, 'Janwel Castillo', '200', '2023-04-10 12:10:51', 'PAID'),
(14, 2, 16, 9, 'Janwel Castillo', '200', '2023-04-10 12:10:51', 'PAID'),
(15, 3, 16, 9, 'Janwel Castillo', '200', '2023-04-10 12:10:51', 'PAID'),
(16, 4, 16, 9, 'Janwel Castillo', '200', '2023-04-10 12:10:51', 'PAID'),
(17, 5, 16, 10, 'Janwel Castillo', '200', '2023-04-10 12:12:03', 'PAID'),
(18, 6, 16, 10, 'Janwel Castillo', '200', '2023-04-10 12:12:03', 'PAID'),
(19, 7, 16, 10, 'Janwel Castillo', '200', '2023-04-10 12:12:03', 'PAID'),
(20, 8, 16, 10, 'Janwel Castillo', '200', '2023-04-10 12:12:03', 'PAID'),
(21, 9, 16, 10, 'Janwel Castillo', '200', '2023-04-10 12:12:03', 'PAID'),
(37, 1, 17, NULL, 'Roiemar Escueta', '200', NULL, 'UNPAID'),
(38, 1, 30, NULL, 'John Doe', '200', NULL, 'UNPAID'),
(39, 1, 31, NULL, 'Amirah Lowery', '200', NULL, 'UNPAID'),
(40, 1, 32, NULL, 'Kian Miller', '200', NULL, 'UNPAID'),
(41, 1, 33, NULL, 'Leona Shepherd', '200', NULL, 'UNPAID'),
(42, 1, 34, NULL, 'Sophie Warner', '200', NULL, 'UNPAID'),
(43, 1, 35, NULL, 'Tristram Hudson', '200', NULL, 'UNPAID'),
(44, 1, 39, NULL, 'Marco Ivan Sta. Maria', '200', NULL, 'UNPAID'),
(45, 2, 17, NULL, 'Roiemar Escueta', '200', NULL, 'UNPAID'),
(46, 2, 30, NULL, 'John Doe', '200', NULL, 'UNPAID'),
(47, 2, 31, NULL, 'Amirah Lowery', '200', NULL, 'UNPAID'),
(48, 2, 32, NULL, 'Kian Miller', '200', NULL, 'UNPAID'),
(49, 2, 33, NULL, 'Leona Shepherd', '200', NULL, 'UNPAID'),
(50, 2, 34, NULL, 'Sophie Warner', '200', NULL, 'UNPAID'),
(51, 2, 35, NULL, 'Tristram Hudson', '200', NULL, 'UNPAID'),
(52, 2, 39, NULL, 'Marco Ivan Sta. Maria', '200', NULL, 'UNPAID'),
(53, 3, 17, NULL, 'Roiemar Escueta', '200', NULL, 'UNPAID'),
(54, 3, 30, NULL, 'John Doe', '200', NULL, 'UNPAID'),
(55, 3, 31, NULL, 'Amirah Lowery', '200', NULL, 'UNPAID'),
(56, 3, 32, NULL, 'Kian Miller', '200', NULL, 'UNPAID'),
(57, 3, 33, NULL, 'Leona Shepherd', '200', NULL, 'UNPAID'),
(58, 3, 34, NULL, 'Sophie Warner', '200', NULL, 'UNPAID'),
(59, 3, 35, NULL, 'Tristram Hudson', '200', NULL, 'UNPAID'),
(60, 3, 39, NULL, 'Marco Ivan Sta. Maria', '200', NULL, 'UNPAID'),
(61, 4, 1, NULL, 'Mon Carlo Delima', '200', NULL, 'UNPAID'),
(62, 4, 17, NULL, 'Roiemar Escueta', '200', NULL, 'UNPAID'),
(63, 4, 30, NULL, 'John Doe', '200', NULL, 'UNPAID'),
(64, 4, 31, NULL, 'Amirah Lowery', '200', NULL, 'UNPAID'),
(65, 4, 32, NULL, 'Kian Miller', '200', NULL, 'UNPAID'),
(66, 4, 33, NULL, 'Leona Shepherd', '200', NULL, 'UNPAID'),
(67, 4, 34, NULL, 'Sophie Warner', '200', NULL, 'UNPAID'),
(68, 4, 35, NULL, 'Tristram Hudson', '200', NULL, 'UNPAID'),
(69, 4, 39, NULL, 'Marco Ivan Sta. Maria', '200', NULL, 'UNPAID'),
(70, 5, 1, NULL, 'Mon Carlo Delima', '200', NULL, 'UNPAID'),
(71, 5, 17, NULL, 'Roiemar Escueta', '200', NULL, 'UNPAID'),
(72, 5, 30, NULL, 'John Doe', '200', NULL, 'UNPAID'),
(73, 5, 31, NULL, 'Amirah Lowery', '200', NULL, 'UNPAID'),
(74, 5, 32, NULL, 'Kian Miller', '200', NULL, 'UNPAID'),
(75, 5, 33, NULL, 'Leona Shepherd', '200', NULL, 'UNPAID'),
(76, 5, 34, NULL, 'Sophie Warner', '200', NULL, 'UNPAID'),
(77, 5, 35, NULL, 'Tristram Hudson', '200', NULL, 'UNPAID'),
(78, 5, 39, NULL, 'Marco Ivan Sta. Maria', '200', NULL, 'UNPAID'),
(79, 6, 1, NULL, 'Mon Carlo Delima', '200', NULL, 'UNPAID'),
(80, 6, 17, NULL, 'Roiemar Escueta', '200', NULL, 'UNPAID'),
(81, 6, 30, NULL, 'John Doe', '200', NULL, 'UNPAID'),
(82, 6, 31, NULL, 'Amirah Lowery', '200', NULL, 'UNPAID'),
(83, 6, 32, NULL, 'Kian Miller', '200', NULL, 'UNPAID'),
(84, 6, 33, NULL, 'Leona Shepherd', '200', NULL, 'UNPAID'),
(85, 6, 34, NULL, 'Sophie Warner', '200', NULL, 'UNPAID'),
(86, 6, 35, NULL, 'Tristram Hudson', '200', NULL, 'UNPAID'),
(87, 6, 39, NULL, 'Marco Ivan Sta. Maria', '200', NULL, 'UNPAID'),
(88, 7, 1, NULL, 'Mon Carlo Delima', '200', NULL, 'UNPAID'),
(89, 7, 17, NULL, 'Roiemar Escueta', '200', NULL, 'UNPAID'),
(90, 7, 30, NULL, 'John Doe', '200', NULL, 'UNPAID'),
(91, 7, 31, NULL, 'Amirah Lowery', '200', NULL, 'UNPAID'),
(92, 7, 32, NULL, 'Kian Miller', '200', NULL, 'UNPAID'),
(93, 7, 33, NULL, 'Leona Shepherd', '200', NULL, 'UNPAID'),
(94, 7, 34, NULL, 'Sophie Warner', '200', NULL, 'UNPAID'),
(95, 7, 35, NULL, 'Tristram Hudson', '200', NULL, 'UNPAID'),
(96, 7, 39, NULL, 'Marco Ivan Sta. Maria', '200', NULL, 'UNPAID'),
(97, 8, 1, NULL, 'Mon Carlo Delima', '200', NULL, 'UNPAID'),
(98, 8, 17, NULL, 'Roiemar Escueta', '200', NULL, 'UNPAID'),
(99, 8, 30, NULL, 'John Doe', '200', NULL, 'UNPAID'),
(100, 8, 31, NULL, 'Amirah Lowery', '200', NULL, 'UNPAID'),
(101, 8, 32, NULL, 'Kian Miller', '200', NULL, 'UNPAID'),
(102, 8, 33, NULL, 'Leona Shepherd', '200', NULL, 'UNPAID'),
(103, 8, 34, NULL, 'Sophie Warner', '200', NULL, 'UNPAID'),
(104, 8, 35, NULL, 'Tristram Hudson', '200', NULL, 'UNPAID'),
(105, 8, 39, NULL, 'Marco Ivan Sta. Maria', '200', NULL, 'UNPAID'),
(106, 9, 1, NULL, 'Mon Carlo Delima', '200', NULL, 'UNPAID'),
(107, 9, 17, NULL, 'Roiemar Escueta', '200', NULL, 'UNPAID'),
(108, 9, 30, NULL, 'John Doe', '200', NULL, 'UNPAID'),
(109, 9, 31, NULL, 'Amirah Lowery', '200', NULL, 'UNPAID'),
(110, 9, 32, NULL, 'Kian Miller', '200', NULL, 'UNPAID'),
(111, 9, 33, NULL, 'Leona Shepherd', '200', NULL, 'UNPAID'),
(112, 9, 34, NULL, 'Sophie Warner', '200', NULL, 'UNPAID'),
(113, 9, 35, NULL, 'Tristram Hudson', '200', NULL, 'UNPAID'),
(114, 9, 39, NULL, 'Marco Ivan Sta. Maria', '200', NULL, 'UNPAID'),
(115, 10, 1, NULL, 'Mon Carlo Delima', '200', NULL, 'UNPAID'),
(116, 10, 17, NULL, 'Roiemar Escueta', '200', NULL, 'UNPAID'),
(117, 10, 16, NULL, 'Janwel Castillo', '200', NULL, 'UNPAID'),
(118, 10, 30, NULL, 'John Doe', '200', NULL, 'UNPAID'),
(119, 10, 31, NULL, 'Amirah Lowery', '200', NULL, 'UNPAID'),
(120, 10, 32, NULL, 'Kian Miller', '200', NULL, 'UNPAID'),
(121, 10, 33, NULL, 'Leona Shepherd', '200', NULL, 'UNPAID'),
(122, 10, 34, NULL, 'Sophie Warner', '200', NULL, 'UNPAID'),
(123, 10, 35, NULL, 'Tristram Hudson', '200', NULL, 'UNPAID'),
(124, 10, 39, NULL, 'Marco Ivan Sta. Maria', '200', NULL, 'UNPAID'),
(125, 11, 1, NULL, 'Mon Carlo Delima', '200', NULL, 'UNPAID'),
(126, 11, 17, NULL, 'Roiemar Escueta', '200', NULL, 'UNPAID'),
(127, 11, 16, NULL, 'Janwel Castillo', '200', NULL, 'UNPAID'),
(128, 11, 30, NULL, 'John Doe', '200', NULL, 'UNPAID'),
(129, 11, 31, NULL, 'Amirah Lowery', '200', NULL, 'UNPAID'),
(130, 11, 32, NULL, 'Kian Miller', '200', NULL, 'UNPAID'),
(131, 11, 33, NULL, 'Leona Shepherd', '200', NULL, 'UNPAID'),
(132, 11, 34, NULL, 'Sophie Warner', '200', NULL, 'UNPAID'),
(133, 11, 35, NULL, 'Tristram Hudson', '200', NULL, 'UNPAID'),
(134, 11, 39, NULL, 'Marco Ivan Sta. Maria', '200', NULL, 'UNPAID'),
(135, 12, 1, NULL, 'Mon Carlo Delima', '200', NULL, 'UNPAID'),
(136, 12, 17, NULL, 'Roiemar Escueta', '200', NULL, 'UNPAID'),
(137, 12, 16, NULL, 'Janwel Castillo', '200', NULL, 'UNPAID'),
(138, 12, 30, NULL, 'John Doe', '200', NULL, 'UNPAID'),
(139, 12, 31, NULL, 'Amirah Lowery', '200', NULL, 'UNPAID'),
(140, 12, 32, NULL, 'Kian Miller', '200', NULL, 'UNPAID'),
(141, 12, 33, NULL, 'Leona Shepherd', '200', NULL, 'UNPAID'),
(142, 12, 34, NULL, 'Sophie Warner', '200', NULL, 'UNPAID'),
(143, 12, 35, NULL, 'Tristram Hudson', '200', NULL, 'UNPAID'),
(144, 12, 39, NULL, 'Marco Ivan Sta. Maria', '200', NULL, 'UNPAID');

-- --------------------------------------------------------

--
-- Table structure for table `block`
--

DROP TABLE IF EXISTS `block`;
CREATE TABLE IF NOT EXISTS `block` (
  `block_id` int(11) NOT NULL AUTO_INCREMENT,
  `subdivision_id` int(11) NOT NULL,
  `block` varchar(10) NOT NULL,
  PRIMARY KEY (`block_id`)
) ENGINE=MyISAM AUTO_INCREMENT=42 DEFAULT CHARSET=utf8;

--
-- Dumping data for table `block`
--

INSERT INTO `block` (`block_id`, `subdivision_id`, `block`) VALUES
(1, 1, '1'),
(2, 1, '2'),
(3, 3, '3'),
(4, 1, '3'),
(5, 3, '1'),
(6, 2, '3'),
(8, 4, '1'),
(9, 2, '1'),
(10, 1, '4'),
(11, 1, '5'),
(12, 1, '6'),
(13, 1, '7'),
(14, 1, '8'),
(15, 1, '9'),
(16, 1, '10'),
(17, 2, '2'),
(18, 2, '4'),
(19, 2, '5'),
(20, 2, '6'),
(21, 2, '7'),
(22, 2, '8'),
(23, 2, '9'),
(24, 2, '10'),
(25, 3, '2'),
(26, 3, '4'),
(27, 3, '5'),
(28, 3, '6'),
(29, 3, '7'),
(30, 3, '8'),
(31, 3, '9'),
(32, 3, '10'),
(33, 4, '2'),
(34, 4, '3'),
(35, 4, '4'),
(36, 4, '5'),
(37, 4, '6'),
(38, 4, '7'),
(39, 4, '8'),
(40, 4, '9'),
(41, 4, '10');

-- --------------------------------------------------------

--
-- Table structure for table `concern`
--

DROP TABLE IF EXISTS `concern`;
CREATE TABLE IF NOT EXISTS `concern` (
  `concern_id` int(11) NOT NULL AUTO_INCREMENT,
  `complainant_homeowner_id` int(11) NOT NULL,
  `full_name` varchar(50) NOT NULL,
  `complainee_homeowner_id` int(11) DEFAULT NULL,
  `complainee_full_name` varchar(100) DEFAULT NULL,
  `concern_subject` varchar(100) NOT NULL,
  `concern_description` varchar(255) NOT NULL,
  `status` varchar(50) NOT NULL,
  `datetime` datetime DEFAULT NULL,
  `datetime_submitted` datetime DEFAULT NULL,
  PRIMARY KEY (`concern_id`)
) ENGINE=MyISAM AUTO_INCREMENT=5 DEFAULT CHARSET=utf8;

--
-- Dumping data for table `concern`
--

INSERT INTO `concern` (`concern_id`, `complainant_homeowner_id`, `full_name`, `complainee_homeowner_id`, `complainee_full_name`, `concern_subject`, `concern_description`, `status`, `datetime`, `datetime_submitted`) VALUES
(1, 1, 'Mon Carlo Delima', NULL, NULL, 'Road concern', 'Unfixed potholes near court.', 'Processing', '2023-04-07 15:07:44', '2023-04-06 23:33:30'),
(2, 16, 'Janwel Castillo', 1, 'Mon Carlo Delima', 'Ipapa tulfo kita', 'wahahahaha', 'Processing', '2023-04-07 15:07:47', '2023-04-06 23:44:02'),
(3, 1, 'Mon Carlo Delima', 16, 'Janwel Castillo', 'Noise Complaint', 'Neighbor playing guitar loudly past midnight.', 'Resolved', '2023-04-08 12:10:44', '2023-04-06 23:59:18'),
(4, 2, 'Kyle Andrei Casingal', 4, 'John Doe', 'John Doe is doing it', 'Akala ko ikaw ay akin.', 'Processing', '2023-04-08 18:02:58', '2023-04-08 12:30:20');

-- --------------------------------------------------------

--
-- Table structure for table `contact`
--

DROP TABLE IF EXISTS `contact`;
CREATE TABLE IF NOT EXISTS `contact` (
  `contact_id` int(11) NOT NULL AUTO_INCREMENT,
  `subdivision_id` int(11) NOT NULL,
  `email` varchar(100) NOT NULL,
  `telephone` varchar(100) NOT NULL,
  PRIMARY KEY (`contact_id`)
) ENGINE=MyISAM AUTO_INCREMENT=7 DEFAULT CHARSET=utf8;

--
-- Dumping data for table `contact`
--

INSERT INTO `contact` (`contact_id`, `subdivision_id`, `email`, `telephone`) VALUES
(1, 1, 'Sunnyvale1@gmail.com', '+63-280-555-7381'),
(2, 2, 'Sunnyvale2@gmail.com', '+63-929-555-0584'),
(3, 3, 'Sunnyvale3@gmail.com', '+63-933-555-8050'),
(4, 4, 'Sunnyvale4@gmail.com', '+63-280-555-7381');

-- --------------------------------------------------------

--
-- Table structure for table `homeowner_profile`
--

DROP TABLE IF EXISTS `homeowner_profile`;
CREATE TABLE IF NOT EXISTS `homeowner_profile` (
  `homeowner_id` int(11) NOT NULL AUTO_INCREMENT,
  `last_name` varchar(100) NOT NULL,
  `first_name` varchar(100) NOT NULL,
  `middle_name` varchar(100) DEFAULT NULL,
  `suffix` varchar(100) DEFAULT NULL,
  `sex` varchar(100) NOT NULL,
  `street` varchar(255) NOT NULL,
  `subdivision` varchar(255) NOT NULL,
  `barangay` varchar(50) NOT NULL,
  `business_address` varchar(255) DEFAULT NULL,
  `occupation` varchar(100) DEFAULT NULL,
  `email_address` varchar(100) NOT NULL,
  `birthdate` date DEFAULT NULL,
  `mobile_number` varchar(20) DEFAULT NULL,
  `employer` varchar(100) DEFAULT NULL,
  `vehicle_registration` varchar(20) DEFAULT NULL,
  `display_picture` varchar(255) NOT NULL,
  PRIMARY KEY (`homeowner_id`)
) ENGINE=MyISAM AUTO_INCREMENT=54 DEFAULT CHARSET=utf8;

--
-- Dumping data for table `homeowner_profile`
--

INSERT INTO `homeowner_profile` (`homeowner_id`, `last_name`, `first_name`, `middle_name`, `suffix`, `sex`, `street`, `subdivision`, `barangay`, `business_address`, `occupation`, `email_address`, `birthdate`, `mobile_number`, `employer`, `vehicle_registration`, `display_picture`) VALUES
(1, 'Delima', 'Mon Carlo', 'Zonio', 'N/A', 'Male', 'Lot 2 Block 2', 'Sunnyvale 1', 'Pantok', 'N/A', 'N/A', 'dmoncarlo6@gmail.com', '2002-10-06', '09157189636', 'N/A', 'LTO 5678', 'DELIMA_2x2.png'),
(2, 'Casingal', 'Kyle Andrei', 'Morillo', 'N/A', 'Male', 'Lot 1 Block 1', 'Sunnyvale 3', 'Palangoy', 'N/A', 'N/A', 'kylecasingal36@gmail.com', '2001-09-02', '09123456789', 'N/A', 'N/A', '316495100_870517180796101_3304939871151226288_n.jpg'),
(3, 'Flores', 'Jeune Paolus', 'Damaso', 'N/A', 'Male', 'Lot 1 Block 3', 'Sunnyvale 2', 'Pantok', 'N/A', 'N/A', 'floresjeunepaolus@gmail.com', '2002-06-16', '09123123123', 'Inya', 'N/A', '316156823_3360766927514073_2770550987709432568_n.jpg'),
(51, '', 'SV1_Guard', NULL, NULL, '', '', 'Sunnyvale 1', '', NULL, NULL, '', NULL, NULL, NULL, NULL, 'default.png'),
(8, 'Bendaña', 'Krishtalene', 'Edejer', 'N/A', 'Female', 'Lot 1 Block 5', 'Sunnyvale 2', 'Pantok', 'N/A', 'N/A', 'tissabendana@gmail.com', '2002-10-19', '09123456789', 'N/A', 'N/A', '86705321_2748280675293170_833038108541845504_n.jpg'),
(17, 'Escueta', 'Roiemar', 'Conchada', 'N/A', 'Male', 'Lot 4 Block 3', 'Sunnyvale 1', 'Palangoy', 'N/A', 'N/A', 'escuetaroiemar@gmail.com', '2022-11-28', '09123456789', 'N/A', 'N/A', 'default.png'),
(16, 'Castillo', 'Janwel', NULL, 'N/A', 'Male', 'Lot 2 Block 3 ', 'Sunnyvale 1', 'Palangoy', 'N/A', 'N/A', 'janweljigycastillo20@gmail.com', '2022-11-25', '09123456789', 'N/A', 'N/A', '315887907_1137649846869408_655406644278059076_n.png'),
(30, 'Doe', 'John', 'Smith', 'N/A', 'Male', 'Lot 1 Block 8', 'Sunnyvale 1', 'Palangoy', 'N/A', 'N/A', 'johndoe@gmail.com', '2010-01-01', '09123456789', 'N/A', 'N/A', 'default.png'),
(28, '', 'SV1_Secretary', NULL, NULL, '', '', 'Sunnyvale 1', '', NULL, NULL, '', '2022-11-29', '', NULL, NULL, 'default.png'),
(31, 'Lowery', 'Amirah', 'Meyers', 'N/A', 'Female', 'Lot 1 Block 7', 'Sunnyvale 1', 'Palangoy', 'N/A', 'N/A', 'amirahlowery@gmail.com', '2009-01-15', '09123456789', 'N/A', 'N/A', 'default.png'),
(32, 'Miller', 'Kian', 'Smith', 'N/A', 'Female', 'Lot 2 Block 10', 'Sunnyvale 1', 'Palangoy', 'N/A', 'N/A', 'Kian Miller', '1997-07-16', '09123456789', 'N/A', 'N/A', 'default.png'),
(33, 'Shepherd', 'Leona', 'Villegas', 'N/A', 'Female', 'Lot 2 Block 4', 'Sunnyvale 1', 'Palangoy', 'N/A', 'N/A', 'leonashepherd@gmail.com', '2000-02-29', '09123456789', 'N/A', 'N/A', 'default.png'),
(34, 'Warner', 'Sophie', 'Manning', 'N/A', 'Female', 'Lot 3 Block 7', 'Sunnyvale 1', 'Palangoy', 'N/A', 'N/A', 'sophiewarner@gmail.com', '1998-06-03', '09123456789', 'N/A', 'N/A', 'default.png'),
(35, 'Hudson', 'Tristram', 'Ray', 'N/A', 'Male', 'Lot 4 Block 1', 'Sunnyvale 1', 'Palangoy', 'N/A', 'N/A', 'tristramhudson', '1982-07-29', '09123456789', 'N/A', 'N/A', 'default.png'),
(36, '', 'SV1_Treasurer', NULL, NULL, '', '', 'Sunnyvale 1', '', NULL, NULL, '', NULL, NULL, NULL, NULL, 'default.png'),
(37, '', 'SV2_Admin', NULL, NULL, '', '', 'Sunnyvale 2', '', NULL, NULL, '', NULL, NULL, NULL, NULL, 'default.png'),
(39, 'Sta. Maria', 'Marco Ivan', 'Quierrez', 'N/A', 'Male', 'Lot 4 Block 3', 'Sunnyvale 1', 'Palangoy', 'N/A', 'N/A', 'marcoivanstamaria@gmail.com', '2001-06-13', '09123456789', 'N/A', 'N/A', '290509682_1413885909103188_6599438684369654480_n.jpg'),
(40, 'Dalisay', 'Cardo', 'Dela Cruz', 'N/A', 'Male', 'Block 3 Lot 5', 'Sunnyvale 2', 'Palangoy', 'Palangoy', 'N/A', 'cardoDalisay@gmail.com', '1977-11-07', '09123456789', 'N/A', 'N/A', 'default.png'),
(44, 'test', 'test', 'pogi', 'N/A', 'Male', 'Lot 1 Block 1', 'Sunnyvale 4', 'Pantok', 'N/A', 'N/A', 'dmoncarlo@gmail.com', '2023-04-09', '09987654321', 'N/A', 'LTO 1234', 'default.png'),
(18, '', 'SV1_Admin', NULL, NULL, '', '', 'Sunnyvale 1', '', NULL, NULL, '', NULL, NULL, NULL, NULL, 'default.png'),
(50, '', 'SV3_Admin', NULL, NULL, '', '', 'Sunnyvale 3', '', NULL, NULL, '', NULL, NULL, NULL, NULL, 'default.png');

-- --------------------------------------------------------

--
-- Table structure for table `lot`
--

DROP TABLE IF EXISTS `lot`;
CREATE TABLE IF NOT EXISTS `lot` (
  `lot_id` int(11) NOT NULL AUTO_INCREMENT,
  `block_id` int(11) NOT NULL,
  `lot` varchar(10) NOT NULL,
  PRIMARY KEY (`lot_id`)
) ENGINE=MyISAM AUTO_INCREMENT=405 DEFAULT CHARSET=utf8;

--
-- Dumping data for table `lot`
--

INSERT INTO `lot` (`lot_id`, `block_id`, `lot`) VALUES
(1, 1, '2'),
(4, 2, '2'),
(5, 5, '1'),
(6, 1, '1'),
(7, 1, '3'),
(8, 1, '4'),
(9, 1, '5'),
(10, 1, '6'),
(11, 1, '7'),
(12, 1, '8'),
(13, 1, '9'),
(14, 1, '10'),
(15, 2, '1'),
(16, 2, '3'),
(17, 2, '4'),
(18, 2, '5'),
(19, 2, '6'),
(20, 2, '7'),
(21, 2, '8'),
(22, 2, '9'),
(23, 2, '10'),
(24, 4, '1'),
(25, 4, '2'),
(404, 11, '5'),
(27, 4, '4'),
(28, 4, '5'),
(29, 4, '6'),
(30, 4, '7'),
(31, 4, '8'),
(32, 4, '9'),
(33, 4, '10'),
(34, 10, '1'),
(35, 10, '2'),
(36, 4, '3'),
(37, 10, '3'),
(39, 10, '5'),
(40, 10, '6'),
(41, 10, '7'),
(42, 10, '8'),
(43, 10, '9'),
(44, 10, '10'),
(45, 11, '1'),
(46, 11, '2'),
(47, 11, '3'),
(48, 10, '4'),
(49, 11, '6'),
(50, 11, '7'),
(51, 11, '8'),
(52, 11, '9'),
(53, 11, '10'),
(54, 12, '1'),
(55, 12, '2'),
(56, 12, '3'),
(57, 12, '4'),
(58, 12, '5'),
(59, 12, '6'),
(60, 12, '7'),
(61, 12, '8'),
(62, 11, '4'),
(63, 12, '10'),
(64, 12, '9'),
(65, 13, '1'),
(66, 13, '2'),
(67, 13, '3'),
(68, 13, '4'),
(69, 13, '5'),
(70, 13, '6'),
(71, 13, '7'),
(72, 13, '8'),
(73, 13, '9'),
(74, 13, '10'),
(75, 14, '1'),
(76, 14, '2'),
(77, 14, '3'),
(78, 14, '4'),
(79, 14, '5'),
(80, 14, '6'),
(81, 14, '7'),
(82, 14, '8'),
(83, 14, '9'),
(84, 14, '10'),
(85, 15, '1'),
(86, 15, '2'),
(87, 15, '3'),
(88, 15, '4'),
(89, 15, '5'),
(90, 15, '6'),
(91, 15, '7'),
(92, 15, '8'),
(93, 15, '9'),
(94, 15, '10'),
(95, 16, '1'),
(96, 16, '2'),
(97, 16, '3'),
(98, 16, '4'),
(99, 16, '5'),
(100, 16, '6'),
(101, 16, '7'),
(102, 16, '8'),
(103, 16, '9'),
(104, 16, '10'),
(105, 9, '1'),
(106, 9, '2'),
(107, 9, '3'),
(108, 9, '4'),
(109, 9, '5'),
(110, 9, '6'),
(111, 9, '7'),
(112, 9, '8'),
(113, 9, '9'),
(114, 9, '10'),
(115, 17, '1'),
(116, 17, '2'),
(117, 17, '3'),
(118, 17, '4'),
(119, 17, '5'),
(120, 17, '6'),
(121, 17, '7'),
(122, 17, '8'),
(123, 17, '9'),
(124, 17, '10'),
(125, 6, '1'),
(126, 6, '2'),
(127, 6, '3'),
(128, 6, '4'),
(129, 6, '5'),
(130, 6, '7'),
(131, 6, '8'),
(132, 6, '9'),
(133, 6, '10'),
(134, 18, '1'),
(135, 18, '2'),
(136, 18, '3'),
(137, 18, '4'),
(138, 18, '5'),
(139, 18, '6'),
(140, 18, '7'),
(141, 18, '8'),
(142, 18, '9'),
(143, 18, '10'),
(144, 19, '1'),
(145, 19, '2'),
(146, 19, '3'),
(147, 19, '4'),
(148, 19, '5'),
(149, 19, '6'),
(150, 19, '7'),
(151, 19, '8'),
(152, 19, '9'),
(153, 19, '10'),
(154, 20, '1'),
(155, 20, '2'),
(156, 20, '3'),
(157, 20, '4'),
(158, 20, '5'),
(159, 20, '6'),
(160, 20, '7'),
(161, 20, '8'),
(162, 20, '9'),
(163, 20, '10'),
(164, 21, '1'),
(165, 21, '2'),
(166, 21, '3'),
(167, 21, '4'),
(168, 21, '5'),
(169, 21, '6'),
(170, 21, '7'),
(171, 21, '8'),
(172, 21, '9'),
(173, 21, '10'),
(174, 22, '1'),
(175, 22, '2'),
(176, 22, '3'),
(177, 22, '4'),
(178, 22, '5'),
(179, 22, '6'),
(180, 22, '7'),
(181, 22, '8'),
(182, 22, '9'),
(183, 22, '10'),
(184, 23, '1'),
(185, 23, '2'),
(186, 23, '3'),
(187, 23, '4'),
(188, 23, '5'),
(189, 23, '6'),
(190, 23, '7'),
(191, 23, '8'),
(192, 23, '9'),
(193, 23, '10'),
(194, 24, '1'),
(195, 24, '2'),
(196, 24, '3'),
(197, 24, '4'),
(198, 24, '5'),
(199, 24, '6'),
(200, 24, '7'),
(201, 24, '8'),
(202, 24, '9'),
(203, 24, '10'),
(204, 6, '6'),
(205, 5, '2'),
(206, 5, '3'),
(207, 5, '4'),
(208, 5, '5'),
(209, 5, '6'),
(210, 5, '7'),
(211, 5, '8'),
(212, 5, '9'),
(213, 5, '10'),
(214, 25, '1'),
(215, 25, '2'),
(216, 25, '3'),
(217, 25, '4'),
(218, 25, '5'),
(219, 25, '6'),
(220, 25, '7'),
(221, 25, '8'),
(222, 25, '9'),
(223, 25, '10'),
(224, 3, '1'),
(225, 3, '2'),
(226, 3, '3'),
(227, 3, '4'),
(228, 3, '5'),
(229, 3, '6'),
(230, 3, '7'),
(231, 3, '8'),
(232, 3, '9'),
(233, 3, '10'),
(234, 26, '1'),
(235, 26, '2'),
(236, 26, '3'),
(237, 26, '4'),
(238, 26, '5'),
(239, 26, '6'),
(240, 26, '7'),
(241, 26, '8'),
(242, 26, '9'),
(243, 26, '10'),
(244, 27, '1'),
(245, 27, '2'),
(246, 27, '3'),
(247, 27, '4'),
(248, 27, '5'),
(249, 27, '6'),
(250, 27, '8'),
(251, 27, '9'),
(252, 27, '10'),
(253, 28, '1'),
(254, 28, '2'),
(255, 28, '3'),
(256, 28, '4'),
(257, 28, '5'),
(258, 28, '6'),
(259, 28, '7'),
(260, 28, '8'),
(261, 28, '9'),
(262, 28, '10'),
(263, 29, '1'),
(264, 29, '2'),
(265, 29, '3'),
(266, 29, '4'),
(267, 29, '5'),
(268, 29, '6'),
(269, 29, '7'),
(270, 29, '8'),
(271, 29, '9'),
(272, 29, '10'),
(273, 30, '1'),
(274, 30, '2'),
(275, 30, '3'),
(276, 30, '4'),
(277, 30, '5'),
(278, 30, '6'),
(279, 30, '7'),
(280, 30, '8'),
(281, 30, '9'),
(282, 30, '10'),
(283, 31, '1'),
(284, 31, '2'),
(285, 31, '3'),
(286, 31, '4'),
(287, 31, '5'),
(288, 31, '6'),
(289, 31, '7'),
(290, 31, '8'),
(291, 31, '9'),
(292, 31, '10'),
(293, 32, '1'),
(294, 32, '2'),
(295, 32, '3'),
(296, 32, '4'),
(297, 32, '5'),
(298, 32, '6'),
(299, 32, '7'),
(300, 32, '8'),
(301, 32, '9'),
(302, 32, '10'),
(303, 27, '7'),
(304, 8, '1'),
(305, 8, '2'),
(306, 8, '3'),
(307, 8, '4'),
(308, 8, '5'),
(309, 8, '6'),
(310, 8, '7'),
(311, 8, '8'),
(312, 8, '9'),
(313, 8, '10'),
(314, 33, '1'),
(315, 33, '2'),
(316, 33, '3'),
(317, 33, '4'),
(318, 33, '5'),
(319, 33, '6'),
(320, 33, '7'),
(321, 33, '8'),
(322, 33, '9'),
(323, 33, '10'),
(324, 34, '1'),
(325, 34, '2'),
(326, 34, '3'),
(327, 34, '4'),
(328, 34, '5'),
(329, 34, '6'),
(330, 34, '7'),
(331, 34, '8'),
(332, 34, '9'),
(333, 34, '10'),
(334, 35, '1'),
(335, 35, '2'),
(336, 35, '3'),
(337, 35, '4'),
(338, 35, '5'),
(339, 35, '6'),
(340, 35, '7'),
(341, 35, '8'),
(342, 35, '9'),
(343, 35, '10'),
(344, 36, '1'),
(345, 36, '2'),
(346, 36, '3'),
(347, 36, '4'),
(348, 36, '5'),
(349, 36, '6'),
(350, 36, '7'),
(351, 36, '8'),
(352, 36, '9'),
(353, 36, '10'),
(354, 37, '1'),
(355, 37, '2'),
(356, 37, '3'),
(357, 37, '4'),
(358, 37, '5'),
(359, 37, '6'),
(360, 37, '7'),
(361, 37, '8'),
(362, 37, '9'),
(363, 37, '10'),
(364, 38, '1'),
(365, 38, '2'),
(366, 38, '3'),
(367, 38, '4'),
(368, 38, '5'),
(369, 38, '6'),
(370, 38, '7'),
(371, 38, '8'),
(372, 38, '9'),
(373, 38, '10'),
(374, 40, '1'),
(375, 40, '2'),
(376, 40, '3'),
(377, 40, '4'),
(378, 40, '5'),
(379, 40, '6'),
(380, 40, '7'),
(381, 40, '8'),
(382, 40, '9'),
(383, 40, '10'),
(384, 41, '1'),
(385, 41, '2'),
(386, 41, '3'),
(387, 41, '4'),
(388, 41, '5'),
(389, 41, '6'),
(390, 41, '7'),
(391, 41, '8'),
(392, 41, '9'),
(393, 41, '10'),
(394, 39, '1'),
(395, 39, '2'),
(396, 39, '3'),
(397, 39, '4'),
(398, 39, '5'),
(399, 39, '6'),
(400, 39, '7'),
(401, 39, '8'),
(402, 39, '9'),
(403, 39, '10');

-- --------------------------------------------------------

--
-- Table structure for table `mission_vision`
--

DROP TABLE IF EXISTS `mission_vision`;
CREATE TABLE IF NOT EXISTS `mission_vision` (
  `id` int(11) NOT NULL AUTO_INCREMENT,
  `type` varchar(100) NOT NULL,
  `description` varchar(255) NOT NULL,
  PRIMARY KEY (`id`)
) ENGINE=MyISAM AUTO_INCREMENT=4 DEFAULT CHARSET=utf8;

--
-- Dumping data for table `mission_vision`
--

INSERT INTO `mission_vision` (`id`, `type`, `description`) VALUES
(1, 'Mission', 'Natatangi ka, paraluman\r\nKislap mo\'y \'di maiwan, \'di iiwan\r\nMamahalin kita nang marahan\r\nSayo\'y paroroon sa kalawakan'),
(2, 'Vision', 'Palad ay basang-basa\r\nAng dagitab ay damang-dama\r\nSa \'king kalamnang punong-puno\r\nNg pananabik at ng kaba'),
(3, 'Goals', 'Naaalala ko pa no\'ng tayo pang dalawa\r\nSine lang ay okay ka na\r\nPero ngayon, kolehiyala ka na\r\nMas trip mong magtoma');

-- --------------------------------------------------------

--
-- Table structure for table `monthly_dues`
--

DROP TABLE IF EXISTS `monthly_dues`;
CREATE TABLE IF NOT EXISTS `monthly_dues` (
  `monthly_dues_id` int(11) NOT NULL AUTO_INCREMENT,
  `subdivision_id` int(11) NOT NULL,
  `subdivision_name` varchar(255) NOT NULL,
  `amount` int(11) NOT NULL,
  `updated_at` date NOT NULL,
  PRIMARY KEY (`monthly_dues_id`)
) ENGINE=MyISAM AUTO_INCREMENT=12 DEFAULT CHARSET=utf8;

--
-- Dumping data for table `monthly_dues`
--

INSERT INTO `monthly_dues` (`monthly_dues_id`, `subdivision_id`, `subdivision_name`, `amount`, `updated_at`) VALUES
(1, 1, 'Sunnyvale 1', 200, '2022-11-27'),
(2, 2, 'Sunnyvale 2', 280, '2023-04-07'),
(3, 3, 'Sunnyvale 3', 500, '2022-11-29'),
(4, 4, 'Sunnyvale 4', 350, '2022-11-27');

-- --------------------------------------------------------

--
-- Table structure for table `monthly_dues_bill`
--

DROP TABLE IF EXISTS `monthly_dues_bill`;
CREATE TABLE IF NOT EXISTS `monthly_dues_bill` (
  `monthlyDues_ID` int(11) NOT NULL AUTO_INCREMENT,
  `homeowner_name` varchar(255) NOT NULL,
  `subdivision` varchar(45) NOT NULL,
  `month` varchar(45) NOT NULL,
  `year` varchar(45) NOT NULL,
  `address` varchar(255) NOT NULL,
  `paid_at` varchar(255) DEFAULT NULL,
  `status` varchar(255) NOT NULL,
  PRIMARY KEY (`monthlyDues_ID`)
) ENGINE=MyISAM AUTO_INCREMENT=4 DEFAULT CHARSET=utf8;

--
-- Dumping data for table `monthly_dues_bill`
--

INSERT INTO `monthly_dues_bill` (`monthlyDues_ID`, `homeowner_name`, `subdivision`, `month`, `year`, `address`, `paid_at`, `status`) VALUES
(1, 'Mon Carlo Delima', 'Sunnyvale 1', 'December', '2022', 'Block 1 Lot 2', '2022-12-01 02:36:53', 'Paid');

-- --------------------------------------------------------

--
-- Table structure for table `officers`
--

DROP TABLE IF EXISTS `officers`;
CREATE TABLE IF NOT EXISTS `officers` (
  `officer_id` int(11) NOT NULL AUTO_INCREMENT,
  `subdivision_name` varchar(50) NOT NULL,
  `officer_name` varchar(255) NOT NULL,
  `position_name` varchar(50) NOT NULL,
  `officer_img` varchar(255) DEFAULT NULL,
  PRIMARY KEY (`officer_id`)
) ENGINE=MyISAM AUTO_INCREMENT=23 DEFAULT CHARSET=utf8;

--
-- Dumping data for table `officers`
--

INSERT INTO `officers` (`officer_id`, `subdivision_name`, `officer_name`, `position_name`, `officer_img`) VALUES
(1, 'Sunnyvale 1', 'Saddie Wheeler', 'President', 'pf1.jpg'),
(2, 'Sunnyvale 1', 'Bennett Cooke', 'Vice President', 'pf2.jpg'),
(3, 'Sunnyvale 1', 'Martin Craig', 'Secretary', 'pf3.jpg'),
(4, 'Sunnyvale 1', 'Audrey Benson', 'Treasurer', 'pf4.jpg'),
(5, 'Sunnyvale 1', 'Ruth Walsh', 'Auditor', 'pf5.jpg'),
(6, 'Sunnyvale 1', 'Hadley Steele', 'PIO', 'pf6.jpg'),
(20, 'Sunnyvale 2', 'Zakir Hodges', 'Treasurer', ''),
(10, 'Sunnyvale 2', 'Bogart D. Explorer', 'President', NULL),
(18, 'Sunnyvale 2', 'Aya Price', 'Vice President', ''),
(19, 'Sunnyvale 2', 'Maxim Diaz', 'Secretary', ''),
(21, 'Sunnyvale 2', 'Gloria Sharp', 'Auditor', ''),
(22, 'Sunnyvale 2', 'Dulcie Matthams', 'PIO', '');

-- --------------------------------------------------------

--
-- Table structure for table `positions`
--

DROP TABLE IF EXISTS `positions`;
CREATE TABLE IF NOT EXISTS `positions` (
  `position_id` int(11) NOT NULL AUTO_INCREMENT,
  `subdivision_id` int(11) NOT NULL,
  `subdivision_name` varchar(50) NOT NULL,
  `position_name` varchar(255) NOT NULL,
  PRIMARY KEY (`position_id`)
) ENGINE=MyISAM AUTO_INCREMENT=8 DEFAULT CHARSET=utf8;

--
-- Dumping data for table `positions`
--

INSERT INTO `positions` (`position_id`, `subdivision_id`, `subdivision_name`, `position_name`) VALUES
(1, 1, 'Sunnyvale 1', 'President'),
(2, 1, 'Sunnyvale 1', 'Vice President'),
(3, 1, 'Sunnyvale 1', 'Secretary'),
(4, 1, 'Sunnyvale 1', 'Treasurer'),
(5, 1, 'Sunnyvale 1', 'Auditor'),
(6, 1, 'Sunnyvale 1', 'PIO');

-- --------------------------------------------------------

--
-- Table structure for table `post`
--

DROP TABLE IF EXISTS `post`;
CREATE TABLE IF NOT EXISTS `post` (
  `post_id` int(11) NOT NULL AUTO_INCREMENT,
  `user_id` int(11) NOT NULL,
  `full_name` varchar(255) NOT NULL,
  `title` varchar(255) NOT NULL,
  `content` varchar(255) DEFAULT NULL,
  `published_at` datetime NOT NULL,
  `days_archive` int(11) DEFAULT NULL,
  `content_image` varchar(255) DEFAULT NULL,
  `officer_post` varchar(10) NOT NULL,
  `post_status` varchar(45) NOT NULL,
  PRIMARY KEY (`post_id`)
) ENGINE=MyISAM AUTO_INCREMENT=40 DEFAULT CHARSET=utf8;

--
-- Dumping data for table `post`
--

INSERT INTO `post` (`post_id`, `user_id`, `full_name`, `title`, `content`, `published_at`, `days_archive`, `content_image`, `officer_post`, `post_status`) VALUES
(1, 28, 'Mon Carlo Delima', 'The moon is beautiful, isn\'t it?', 'Lorem ipsum dolor sit amet, consectetur adipiscing elit. Ut augue ipsum, porttitor eleifend condimentum nec, sollicitudin id mi. Aenean aliquet, mauris sit amet ultricies luctus, arcu ex facilisis lorem, eu lacinia ante sem id erat. Praesent quis blandit.', '2023-04-11 01:09:01', NULL, '315906640_1753081135077201_6331420859846659098_n.png', 'No', 'Active'),
(2, 24, 'Jeune Paolus Flores', 'Fascinating art created by nature.', 'Lorem ipsum dolor sit amet, consectetur adipiscing elit. Ut augue ipsum, porttitor eleifend condimentum nec, sollicitudin id mi. Aenean aliquet, mauris sit amet ultricies luctus, arcu ex facilisis lorem, eu lacinia ante sem id erat. Praesent quis blandit.', '2023-04-11 09:59:54', NULL, '316218368_829271824950879_360246867658747215_n.png', 'No', 'Active'),
(3, 23, 'Kyle Andrei Casingal', 'Reflection', 'Lorem ipsum dolor sit amet, consectetur adipiscing elit. Ut augue ipsum, porttitor eleifend condimentum nec, sollicitudin id mi. Aenean aliquet, mauris sit amet ultricies luctus, arcu ex facilisis lorem, eu lacinia ante sem id erat. Praesent quis blandit.', '2023-04-11 10:03:11', NULL, '316189223_691988422233113_5145406262467036356_n.png', 'No', 'Active'),
(4, 23, 'Kyle Andrei Casingal', 'Windows of truth shows the real beauty of nature.', 'Lorem ipsum dolor sit amet, consectetur adipiscing elit. Ut augue ipsum, porttitor eleifend condimentum nec, sollicitudin id mi. Aenean aliquet, mauris sit amet ultricies luctus, arcu ex facilisis lorem, eu lacinia ante sem id erat. Praesent quis blandit.', '2023-04-11 10:04:40', NULL, '313194508_684251046380877_4560164667618025920_n.png', 'No', 'Active'),
(5, 28, 'Mon Carlo Delima', 'Vintage mansion represents calm, warm, and peace.', 'Lorem ipsum dolor sit amet, consectetur adipiscing elit. Ut augue ipsum, porttitor eleifend condimentum nec, sollicitudin id mi. Aenean aliquet, mauris sit amet ultricies luctus, arcu ex facilisis lorem, eu lacinia ante sem id erat. Praesent quis blandit.', '2022-11-24 10:05:22', NULL, '312140489_698881924813395_203606755662892340_n.png', 'No', 'Active'),
(15, 52, 'Marco Ivan Sta. Maria', '', 'Lorem ipsum dolor sit amet, consectetur adipiscing elit. Ut augue ipsum, porttitor eleifend condimentum nec, sollicitudin id mi. Aenean aliquet, mauris sit amet ultricies luctus, arcu ex facilisis lorem, eu lacinia ante sem id erat. Praesent quis blandit.', '2022-12-01 06:37:21', NULL, 'Picture2.jpg', 'No', 'Active'),
(17, 53, 'Krishtalene Bendaña', '', 'Lorem ipsum dolor sit amet, consectetur adipiscing elit. Ut augue ipsum, porttitor eleifend condimentum nec, sollicitudin id mi. Aenean aliquet, mauris sit amet ultricies luctus, arcu ex facilisis lorem, eu lacinia ante sem id erat. Praesent quis blandit.', '2022-12-01 06:48:54', NULL, 'Picture4.png', 'No', 'Active'),
(18, 52, 'Marco Ivan Sta. Maria', '', 'Lorem ipsum dolor sit amet, consectetur adipiscing elit. Ut augue ipsum, porttitor eleifend condimentum nec, sollicitudin id mi. Aenean aliquet, mauris sit amet ultricies luctus, arcu ex facilisis lorem, eu lacinia ante sem id erat. Praesent quis blandit.', '2022-12-01 06:49:23', NULL, 'Picture5.jpg', 'No', 'Active'),
(19, 53, 'Krishtalene Bendaña', '', 'Lorem ipsum dolor sit amet, consectetur adipiscing elit. Ut augue ipsum, porttitor eleifend condimentum nec, sollicitudin id mi. Aenean aliquet, mauris sit amet ultricies luctus, arcu ex facilisis lorem, eu lacinia ante sem id erat. Praesent quis blandit.', '2022-12-01 06:50:15', NULL, 'Picture6.jpg', 'No', 'Active'),
(20, 52, 'Marco Ivan Sta. Maria', '', 'Lorem ipsum dolor sit amet, consectetur adipiscing elit. Ut augue ipsum, porttitor eleifend condimentum nec, sollicitudin id mi. Aenean aliquet, mauris sit amet ultricies luctus, arcu ex facilisis lorem, eu lacinia ante sem id erat. Praesent quis blandit.', '2022-12-01 06:51:00', NULL, 'Picture3.png', 'No', 'Active'),
(24, 55, 'Kyle Andrei Casingal', 'Light Bulb', 'Lorem ipsum dolor sit amet, consectetur adipiscing elit. Ut augue ipsum, porttitor eleifend condimentum nec, sollicitudin id mi. Aenean aliquet, mauris sit amet ultricies luctus, arcu ex facilisis lorem, eu lacinia ante sem id erat. Praesent quis blandit.', '2022-12-01 10:13:20', NULL, '188-1889845_a-very-simple-concept-infinitustoken-medium-light-bulb.png', 'No', 'Active'),
(28, 18, 'SV1_Admin', 'Water interruption', 'Lorem ipsum dolor sit amet, consectetur adipiscing elit. Ut augue ipsum, porttitor eleifend condimentum nec, sollicitudin id mi. Aenean aliquet, mauris sit amet ultricies luctus, arcu ex facilisis lorem, eu lacinia ante sem id erat. Praesent quis blandit.', '2023-01-24 20:00:38', NULL, '', 'Yes', 'Active'),
(29, 18, 'SV1_Admin', 'Chinese New Year event', 'Lorem ipsum dolor sit amet, consectetur adipiscing elit. Ut augue ipsum, porttitor eleifend condimentum nec, sollicitudin id mi. Aenean aliquet, mauris sit amet ultricies luctus, arcu ex facilisis lorem, eu lacinia ante sem id erat. Praesent quis blandit.', '2023-01-24 20:06:20', NULL, '', 'Yes', 'Active'),
(30, 1, 'Mon Carlo Delima', 'URS', 'Lorem ipsum dolor sit amet, consectetur adipiscing elit. Ut augue ipsum, porttitor eleifend condimentum nec, sollicitudin id mi. Aenean aliquet, mauris sit amet ultricies luctus, arcu ex facilisis lorem, eu lacinia ante sem id erat. Praesent quis blandit.', '2023-03-16 22:24:20', NULL, 'URS.png', 'No', 'Active'),
(31, 1, 'Mon Carlo Delima', 'Nihonjin Desu', 'Lorem ipsum dolor sit amet, consectetur adipiscing elit. Ut augue ipsum, porttitor eleifend condimentum nec, sollicitudin id mi. Aenean aliquet, mauris sit amet ultricies luctus, arcu ex facilisis lorem, eu lacinia ante sem id erat. Praesent quis blandit.', '2023-04-02 12:59:46', NULL, 'lockscreen.png', 'No', 'Active'),
(32, 1, 'Mon Carlo Delima', 'Magical World', 'Lorem ipsum dolor sit amet, consectetur adipiscing elit. Ut augue ipsum, porttitor eleifend condimentum nec, sollicitudin id mi. Aenean aliquet, mauris sit amet ultricies luctus, arcu ex facilisis lorem, eu lacinia ante sem id erat. Praesent quis blandit.', '2023-04-02 13:00:31', NULL, 'sEt5ph.jpg', 'No', 'Active'),
(33, 18, 'SV1_Admin', 'Power Interruption', 'Lorem ipsum dolor sit amet, consectetur adipiscing elit. Ut augue ipsum, porttitor eleifend condimentum nec, sollicitudin id mi. Aenean aliquet, mauris sit amet ultricies luctus, arcu ex facilisis lorem, eu lacinia ante sem id erat. Praesent quis blandit.', '2023-02-04 13:06:44', 1, '', 'Yes', 'Active'),
(34, 18, 'SV1_Admin', 'Basketball Tryouts', 'Lorem ipsum dolor sit amet, consectetur adipiscing elit. Ut augue ipsum, porttitor eleifend condimentum nec, sollicitudin id mi. Aenean aliquet, mauris sit amet ultricies luctus, arcu ex facilisis lorem, eu lacinia ante sem id erat. Praesent quis blandit.', '2023-02-22 21:43:21', 30, '', 'Yes', 'Active'),
(35, 18, 'SV1_Admin', 'Volleyball Tryouts', 'Lorem ipsum dolor sit amet, consectetur adipiscing elit. Ut augue ipsum, porttitor eleifend condimentum nec, sollicitudin id mi. Aenean aliquet, mauris sit amet ultricies luctus, arcu ex facilisis lorem, eu lacinia ante sem id erat. Praesent quis blandit.', '2023-03-17 21:43:35', 30, '', 'Yes', 'Active'),
(36, 18, 'SV1_Admin', 'Swimming Lessons', 'Lorem ipsum dolor sit amet, consectetur adipiscing elit. Ut augue ipsum, porttitor eleifend condimentum nec, sollicitudin id mi. Aenean aliquet, mauris sit amet ultricies luctus, arcu ex facilisis lorem, eu lacinia ante sem id erat. Praesent quis blandit.', '2023-01-04 21:43:46', 30, '', 'Yes', 'Active'),
(37, 18, 'SV1_Admin', 'Founding Anniv. Celebration', 'Lorem ipsum dolor sit amet, consectetur adipiscing elit. Ut augue ipsum, porttitor eleifend condimentum nec, sollicitudin id mi. Aenean aliquet, mauris sit amet ultricies luctus, arcu ex facilisis lorem, eu lacinia ante sem id erat. Praesent quis blandit.', '2023-02-01 21:44:01', 30, '', 'Yes', 'Active'),
(38, 1, 'Mon Carlo Delima', 'Sun and Moon', 'Lorem ipsum dolor sit amet, consectetur adipiscing elit. Ut augue ipsum, porttitor eleifend condimentum nec, sollicitudin id mi. Aenean aliquet, mauris sit amet ultricies luctus, arcu ex facilisis lorem, eu lacinia ante sem id erat. Praesent quis blandit.', '2023-04-14 14:19:37', NULL, 'dsa.jpg', 'No', 'Active'),
(39, 61, 'Monkey D. Luffy', 'Japanese Street', 'Lorem ipsum dolor sit amet, consectetur adipiscing elit. Ut augue ipsum, porttitor eleifend condimentum nec, sollicitudin id mi. Aenean aliquet, mauris sit amet ultricies luctus, arcu ex facilisis lorem, eu lacinia ante sem id erat. Praesent quis blandit.', '2023-04-14 14:23:15', NULL, 'lockscreen.png', 'No', 'Active');

-- --------------------------------------------------------

--
-- Table structure for table `privacy`
--

DROP TABLE IF EXISTS `privacy`;
CREATE TABLE IF NOT EXISTS `privacy` (
  `privacy_id` int(11) NOT NULL AUTO_INCREMENT,
  `type` varchar(255) NOT NULL,
  `description` text NOT NULL,
  PRIMARY KEY (`privacy_id`)
) ENGINE=MyISAM AUTO_INCREMENT=9 DEFAULT CHARSET=utf8;

--
-- Dumping data for table `privacy`
--

INSERT INTO `privacy` (`privacy_id`, `type`, `description`) VALUES
(1, 'Privacy Policy for Sunnyvale Subdivisions', 'At Sunnyvale Subdivisions, we take your privacy seriously. This Privacy Policy outlines the types of personal information that we may collect from you when you visit our website and how we use and protect that information. By using our website, you agree to the terms of this Privacy Policy.'),
(2, 'What information do we collect?', 'We may collect personal information such as your name, email address, mailing address, phone number, and other information that you voluntarily provide to us when you sign up for our newsletter, fill out a form, or contact us through our website.\r\n\r\nWe also automatically collect certain non-personal information about your visit to our website, such as your IP address, browser type, device type, and operating system. This information is used to analyze and improve the performance and usability of our website.'),
(3, 'How do we use your information?', 'We may use the personal information that you provide to us to respond to your inquiries, send you our newsletter or marketing communications, process your orders, and provide you with other information or services that you request from us.\r\n\r\nWe may also use the non-personal information that we collect to analyze trends and usage patterns, improve our website, and to protect our website and our users from fraudulent or unauthorized activities.'),
(4, 'Do we share your information?', 'We do not sell, trade, or otherwise transfer your personal information to third parties without your consent, except as necessary to provide you with the services that you have requested from us. We may also share your information with our trusted service providers who assist us in operating our website, conducting our business, or servicing you, as long as those parties agree to keep this information confidential.\r\n\r\nWe may also disclose your information if we are required to do so by law or in response to a legal process, or if we believe that such disclosure is necessary to protect our rights, property, or safety, or the rights, property, or safety of our users or others.'),
(5, 'How do we protect your information?', 'We take reasonable measures to protect your personal information from unauthorized access, use, disclosure, alteration, or destruction. However, no data transmission over the Internet or storage of electronic data can be guaranteed to be 100% secure, and we cannot guarantee the security of any information that you provide to us.'),
(6, 'Your rights and choices', 'You have the right to access and modify the personal information that we have collected from you by contacting us at [Your Contact Information]. You may also opt-out of receiving our newsletter or marketing communications at any time by following the instructions provided in those communications.'),
(7, 'Updates to this Privacy Policy', 'We may update this Privacy Policy from time to time by posting a new version on our website. You should check this page periodically to ensure that you are aware of any changes.'),
(8, 'Contact Us', 'If you have any questions or concerns about this Privacy Policy, please contact us at subdivisionsunnyvale@gmail.com');

-- --------------------------------------------------------

--
-- Table structure for table `subdivision`
--

DROP TABLE IF EXISTS `subdivision`;
CREATE TABLE IF NOT EXISTS `subdivision` (
  `subdivision_id` int(11) NOT NULL AUTO_INCREMENT,
  `subdivision_name` varchar(255) NOT NULL,
  `barangay` varchar(255) NOT NULL,
  PRIMARY KEY (`subdivision_id`)
) ENGINE=MyISAM AUTO_INCREMENT=15 DEFAULT CHARSET=utf8;

--
-- Dumping data for table `subdivision`
--

INSERT INTO `subdivision` (`subdivision_id`, `subdivision_name`, `barangay`) VALUES
(1, 'Sunnyvale 1', 'Pantok'),
(2, 'Sunnyvale 2', 'Palangoy'),
(3, 'Sunnyvale 3', 'Palangoy'),
(4, 'Sunnyvale 4', 'Pantok');

-- --------------------------------------------------------

--
-- Table structure for table `tenant`
--

DROP TABLE IF EXISTS `tenant`;
CREATE TABLE IF NOT EXISTS `tenant` (
  `tenant_id` int(11) NOT NULL AUTO_INCREMENT,
  `homeowner_id` int(11) NOT NULL,
  `full_name` varchar(100) CHARACTER SET utf8mb4 NOT NULL,
  `subdivision` varchar(50) DEFAULT NULL,
  `birthdate` date NOT NULL,
  `sex` varchar(10) CHARACTER SET utf8mb4 NOT NULL,
  `email` varchar(100) CHARACTER SET utf8mb4 NOT NULL,
  `mobile_no` varchar(100) CHARACTER SET utf8mb4 NOT NULL,
  `display_picture` varchar(255) CHARACTER SET utf8mb4 NOT NULL,
  PRIMARY KEY (`tenant_id`)
) ENGINE=MyISAM AUTO_INCREMENT=4 DEFAULT CHARSET=utf8;

--
-- Dumping data for table `tenant`
--

INSERT INTO `tenant` (`tenant_id`, `homeowner_id`, `full_name`, `subdivision`, `birthdate`, `sex`, `email`, `mobile_no`, `display_picture`) VALUES
(1, 1, 'Monkey D. Luffy', 'Sunnyvale 1', '2023-04-12', 'Male', 'monkeydluffy@gmail.com', '09123456789', 'default.png'),
(2, 1, 'Bogart D. Explorer', 'Sunnyvale 1', '2023-03-01', 'Male', 'bogartdexplorer@gmail.com', '09123456789', 'default.png'),
(3, 1, 'Portgas D. Ace', 'Sunnyvale 1', '2023-04-13', 'Male', 'donut@gmail.com', '09123456789', 'default.png');

-- --------------------------------------------------------

--
-- Table structure for table `transaction`
--

DROP TABLE IF EXISTS `transaction`;
CREATE TABLE IF NOT EXISTS `transaction` (
  `transaction_id` int(11) NOT NULL AUTO_INCREMENT,
  `user_id` int(11) NOT NULL,
  `name` varchar(255) NOT NULL,
  `total_cost` int(11) DEFAULT NULL,
  `payment_proof` varchar(255) DEFAULT NULL,
  `transaction_type` varchar(50) NOT NULL,
  `status` varchar(10) NOT NULL,
  `datetime` datetime DEFAULT NULL,
  PRIMARY KEY (`transaction_id`)
) ENGINE=MyISAM AUTO_INCREMENT=12 DEFAULT CHARSET=utf8;

--
-- Dumping data for table `transaction`
--

INSERT INTO `transaction` (`transaction_id`, `user_id`, `name`, `total_cost`, `payment_proof`, `transaction_type`, `status`, `datetime`) VALUES
(1, 1, 'Mon Carlo Delima', 1500, '315887907_1137649846869408_655406644278059076_n.png', 'Amenity Renting', 'Approved', '2023-05-06 07:59:14'),
(2, 48, 'SV1_Treasurer', 180, '315887907_1137649846869408_655406644278059076_n.png', 'Amenity Renting', 'Approved', '2023-05-06 08:00:25'),
(3, 1, 'Mon Carlo Delima', 2150, '328148270_726681382138928_1391919010667224674_n.png', 'Amenity Renting', 'Approved', '2023-05-06 08:00:27'),
(4, 1, 'Mon Carlo Delima', 600, '328148270_726681382138928_1391919010667224674_n.png', 'Monthly Dues', 'Paid', '2023-05-06 08:07:37'),
(5, 55, 'Kyle Andrei Casingal', 1500, '328148270_726681382138928_1391919010667224674_n.png', 'Monthly Dues', 'Paid', '2023-05-06 07:28:09'),
(6, 55, 'Kyle Andrei Casingal', 1500, '328148270_726681382138928_1391919010667224674_n.png', 'Monthly Dues', 'Paid', '2023-05-06 07:27:54'),
(9, 48, 'SV1_Treasurer', 800, NULL, 'Monthly Dues', 'Paid', '2023-05-06 07:28:16'),
(10, 48, 'SV1_Treasurer', 1000, NULL, 'Monthly Dues', 'Paid', '2023-05-06 07:28:17'),
(11, 1, 'Mon Carlo Delima', 50, '328148270_726681382138928_1391919010667224674_n.png', 'Amenity Renting', 'Approved', '2023-05-06 08:00:29');

-- --------------------------------------------------------

--
-- Table structure for table `user`
--

DROP TABLE IF EXISTS `user`;
CREATE TABLE IF NOT EXISTS `user` (
  `user_id` int(11) NOT NULL AUTO_INCREMENT,
  `user_homeowner_id` int(11) DEFAULT NULL,
  `user_tenant_id` int(11) DEFAULT NULL,
  `full_name` varchar(50) NOT NULL,
  `user_type` varchar(15) NOT NULL,
  `password` varchar(30) NOT NULL,
  `email_address` varchar(40) DEFAULT NULL,
  `account_status` varchar(15) NOT NULL,
  `verification_code` varchar(6) DEFAULT NULL,
  `email_verified_at` datetime DEFAULT NULL,
  PRIMARY KEY (`user_id`)
) ENGINE=MyISAM AUTO_INCREMENT=64 DEFAULT CHARSET=utf8;

--
-- Dumping data for table `user`
--

INSERT INTO `user` (`user_id`, `user_homeowner_id`, `user_tenant_id`, `full_name`, `user_type`, `password`, `email_address`, `account_status`, `verification_code`, `email_verified_at`) VALUES
(55, 2, NULL, 'Kyle Andrei Casingal', 'Homeowner', 'password', 'kylecasingal36@gmail.com', 'Activated', '248425', '2022-12-01 10:11:20'),
(3, 3, NULL, 'Jeune Paolus Flores', 'Homeowner', 'thisfeelsgud', 'floresjeunepaolus@gmail.com', 'Activated', '943962', '2022-11-10 22:51:58'),
(1, 1, NULL, 'Mon Carlo Delima', 'Homeowner', '12345', 'dmoncarlo6@gmail.com', 'Activated', '286140', '2022-11-24 13:48:07'),
(27, 16, NULL, 'Janwel Castillo', 'Homeowner', 'dadada', 'janweljigycastillo20@gmail.com', 'Activated', '943962', '2022-11-15 20:43:59'),
(58, 50, NULL, 'SV3_Admin', 'Admin', 'password', 'SV3_Admin', 'Activated', NULL, NULL),
(18, 18, NULL, 'SV1_Admin', 'Admin', 'password', 'SV1_Admin', 'Activated', NULL, NULL),
(42, 17, NULL, 'Roiemar Escueta', 'Homeowner', '123', 'escuetaroiemar@gmail.com', 'Activated', '135447', '2022-11-28 23:28:23'),
(46, 28, NULL, 'SV1_Secretary', 'Secretary', '123', 'SV1_Secretary', 'Activated', NULL, NULL),
(48, 36, NULL, 'SV1_Treasurer', 'Treasurer', '123', 'SV1_Treasurer', 'Activated', NULL, NULL),
(49, 37, NULL, 'SV2_Admin', 'Admin', 'password', 'SV2_Admin', 'Activated', NULL, NULL),
(52, 39, NULL, 'Marco Ivan Sta. Maria', 'Homeowner', '123', 'marcoivanstamaria@gmail.com', 'Activated', '257545', '2022-12-01 06:31:28'),
(53, 8, NULL, 'Krishtalene Bendaña', 'Homeowner', '123', 'tissabendana@gmail.com', 'Activated', '573856', '2022-12-01 06:37:48'),
(59, 51, NULL, 'SV1_Guard', 'Guard', '123', 'SV1_Guard', 'Activated', NULL, NULL),
(61, NULL, 1, 'Monkey D. Luffy', 'Tenant', '12345', 'monkeydluffy@gmail.com', 'Activated', '665824', '2023-04-14 22:46:46'),
(63, 44, NULL, 'test test', 'Homeowner', '622896', 'dmoncarlo@gmail.com', 'Activated', '622896', '2023-05-06 08:05:53');

-- --------------------------------------------------------

--
-- Table structure for table `vehicle_monitoring`
--

DROP TABLE IF EXISTS `vehicle_monitoring`;
CREATE TABLE IF NOT EXISTS `vehicle_monitoring` (
  `vehicle_monitoring_id` int(11) NOT NULL AUTO_INCREMENT,
  `vehicle_registration` varchar(10) NOT NULL,
  `vehicle_type` varchar(50) NOT NULL,
  `vehicle_color` varchar(50) NOT NULL,
  `datetime` datetime NOT NULL,
  `status` varchar(20) NOT NULL,
  PRIMARY KEY (`vehicle_monitoring_id`)
) ENGINE=MyISAM AUTO_INCREMENT=12 DEFAULT CHARSET=utf8;

--
-- Dumping data for table `vehicle_monitoring`
--

INSERT INTO `vehicle_monitoring` (`vehicle_monitoring_id`, `vehicle_registration`, `vehicle_type`, `vehicle_color`, `datetime`, `status`) VALUES
(10, 'XYZ 9876', 'Sedan', 'White', '2023-04-09 14:23:51', 'INCOMING'),
(11, 'XYZ 9876', 'Truck', 'Red', '2023-04-09 14:24:00', 'INCOMING'),
(9, 'LTO 1234', 'Van', 'Blue', '2023-04-09 14:23:42', 'INCOMING');

-- --------------------------------------------------------

--
-- Table structure for table `years`
--

DROP TABLE IF EXISTS `years`;
CREATE TABLE IF NOT EXISTS `years` (
  `yearID` int(11) NOT NULL AUTO_INCREMENT,
  `year` varchar(45) NOT NULL,
  PRIMARY KEY (`yearID`)
) ENGINE=InnoDB AUTO_INCREMENT=6 DEFAULT CHARSET=utf8;

--
-- Dumping data for table `years`
--

INSERT INTO `years` (`yearID`, `year`) VALUES
(1, '2023'),
(2, '2024'),
(3, '2025'),
(4, '2026'),
(5, '2027');

DELIMITER $$
--
-- Events
--
DROP EVENT IF EXISTS `archive`$$
CREATE DEFINER=`root`@`localhost` EVENT `archive` ON SCHEDULE EVERY '0:1' MINUTE_SECOND STARTS '2023-04-01 21:59:31' ON COMPLETION PRESERVE ENABLE DO UPDATE `post` SET `post_status`='Archived' WHERE `published_at` < NOW() - INTERVAL 7 DAY AND `post_status` = 'Active' AND `officer_post`= 'No'$$

DROP EVENT IF EXISTS `days_archive`$$
CREATE DEFINER=`root`@`localhost` EVENT `days_archive` ON SCHEDULE EVERY '0:1' MINUTE_SECOND STARTS '2023-04-02 13:29:33' ON COMPLETION PRESERVE ENABLE DO UPDATE `post` SET `post_status`='Archived' WHERE `published_at` < NOW() - INTERVAL `days_archive` DAY AND `post_status`='Active' AND `officer_post`= 'Yes'$$

DELIMITER ;
COMMIT;

/*!40101 SET CHARACTER_SET_CLIENT=@OLD_CHARACTER_SET_CLIENT */;
/*!40101 SET CHARACTER_SET_RESULTS=@OLD_CHARACTER_SET_RESULTS */;
/*!40101 SET COLLATION_CONNECTION=@OLD_COLLATION_CONNECTION */;
